adventitious,"adj.偶然的,外来的"
advert,"vi.注意,留意n.广告"
affliction,"n.痛苦,苦恼"
affray,"n.(尤指在公共场所的)吵架,打架"
affront,"n.公开侮辱,轻蔑vt.公开侮辱,冒犯,面对"
agog,"adj.兴奋的,热切的adv.热切地,渴望"
alimentary,"adj.食物的,营养的"
amity,"n.友好,亲善关系"
amnesia,n.健忘症
animus,"n.敌意,意图"
anodyne,"n.止痛剂,镇痛剂adj.止痛的"
antiseptic,"adj.防腐的,杀菌的,消过毒的n.防腐剂,杀菌剂"
apocalyptic,"adj.启示录的,天启的"
apocryphal,"adj.伪经的,假冒的"
apogee,n.远地点
apostasy,"n.变节,背教,脱党"
apostate,"n.变节者,背教者,脱党者adj.变节的,背教的,脱党的"
apostle,"n.使徒(指耶稣十二使徒),传道者,最初的传道者"
apposite,adj.适当的
approbation,"n.官方批准,认可,嘉许"
arrogate,v.冒称
artsy or arty,adj. 装艺术的；艺术家气派的
ascetic,"n.禁欲者,苦行修道者adj.修道的,苦行的"
aseptic,n.防腐剂adj.无菌的
asperity,"n.刻薄,严厉, (气候等的)严酷, 粗糙"
aspersion,"n.洒水,诽谤,中伤"
aspersions,
assent,n.赞成vi.同意
astringent,"n.收敛剂adj.收敛性的,严酷的,涩的"
atavism,"n.[生]隔代遗传,返祖现象"
atavistic,"adj.隔代遗传的,返祖性的"
atrophy,"n.[医]萎缩,萎缩症"
attuned,
avatar,"n.化身,天神下凡,具体化"
bailiwick,"n.执行官之职,范围"
balderdash,"n.胡言乱语, 废话"
ballyhoo,"n.大肆宣传,大吹大擂,喧噪v.大肆宣传,大吹大擂"
ballyhooed,"adj. 大肆宣传的, 哗众取宠的; 动词ballyhoo的过去式和过去分词形式"
bamboozle,v.欺骗；隐瞒；迷惑
bandy,"vt.打来打去,交换,传播"
banter,"n.善意地取笑,逗弄v.善意的与人开玩笑"
bantering,adj.嘲弄的
baste,v.疏缝；痛斥；大骂；润以油脂；涂以奶油
begrudge,"vt.嫉妒,羡慕,舍不得给"
beguile,"vt.诱骗,诱惑"
bellicose,"adj.好战的,好斗的"
bemused,"adj.困惑的,发呆的"
benefactor,"n.恩人,捐助者,赠送者,赞助人"
beneficent,"adj.慈善的,仁慈的,善行的"
bereaved,adj.丧失的
beseech,"v.恳求,哀求"
beset,v.困扰
besmirch,vt.弄污
bespeak,v.预订
bestial,"adj.野兽的,兽性的,残忍的"
bestow,"vt.给予,安放"
betoken,vt.预示
bevy,"n.一群鸟,一群(少女或少妇),<俗>一堆东西,一群人"
bicker,"vi.斗嘴,流动,闪动n.口角,流水声"
bilious,"adj.胆汁质的,坏脾气的"
bilk,"vt.挫败,诈骗n.诈骗,骗子"
billow,"n.巨浪,波浪般滚滚向前的东西v.翻腾"
billowing,
billy goat,雄山羊; 公山羊
biting,"adj.刺痛的,尖锐的"
blanch,"v.漂白,使变白,遮断阳光 发白"
blandishment,"n.奉承,哄诱"
blare,n.号声v.奏鸣
blarney,"n.奉承话, 谄媚,胡扯 ; v.说奉承话,谄媚"
blatant,"adj.喧嚣的,俗丽的,吵闹的,炫耀的"
blazon,"vt.广布,宣布,夸示,装饰n.纹章"
bleak,"adj.寒冷的,阴冷的,荒凉的,凄凉的,黯淡的,"
blight,"n.枯萎病,不良影响,打击vt.破坏,使枯萎"
blighted,adj.毁灭的
bloated,"adj.浮肿的,发胀的,傲慢的"
blooper,n.<非> 过失；失礼；[棒]击出内场的飞球
blotch,n.大斑点v.弄脏
blowhard,n.<俚>吹牛大家
blurb,n.大肆宣传；吹捧性广告；简介；短评
blurt,"vt.未加思索地冲口说出,突然说出"
bluster,"v.风狂吹,咆哮,吓唬n.怒号,吓唬"
bode,v.预示 vbl.忍耐
bogeyman,n.可怕的人；(虚构来吓唬小孩的）鬼怪
bombast,n.夸大的言辞
bombastic,"adj.夸大的,言过其实的"
bonanza,n.富矿带；带来好运的事物；暴富之源
bootless,"adj.无用的,无益的"
booty,"n.战利品,获得之物"
botch,v.修补
bountiful,"adj.慷慨的,宽大的"
boxcar,n.有顶货车；货车车厢
braggadocio,"n.自夸,吹牛大王"
braggart,"n.吹嘘adj.吹牛的,自夸的"
brash,"adj.仓促的,无礼的,性急的,傲慢的n.胃灼热,骤雨,碎片"
brassiere,n.<正式>胸罩
brassy,"adj.象黄铜的,厚脸皮的n.铜头高尔夫球棍"
bravado,"n.虚张声势,装作有自信的样子"
brawl,"n.vi.争吵,怒骂"
brazen,"adj.黄铜制的,厚颜无耻的"
brigand,"n.土匪, 强盗"
brisk,"adj.敏锐的,凛冽的,轻快的,活泼的vt.使活泼vi.活跃起来"
bristle,"n.刚毛,猪鬃vi.(毛发等)竖起,发怒"
bristling,adj.竖立的
broil,"v.烤(肉),酷热"
brood,"n.(动物中鸟或家禽的)一窝,(同种或同类的)一伙vt.孵,沉思"
brook,n.小溪vt.容忍
browbeat,"v.恫吓,吓唬"
brusque,"adj.唐突的,直率的,粗暴的,无礼的"
bulwark,"n.壁垒,防波堤"
bumble,v.说话含糊；语无伦次地说
bumblebee,n.大黄蜂；熊蜂
bumbling,"adj.常出差错的,笨手笨脚的, 装模作样的, 妄自尊大的; n.犯错 ; 动词bumble的现在分词形式"
bumptious,"adj.盲目自夸的,盲目自大的,傲慢的"
burble,"v.冒泡,说话快速而激动,唠叨 ; n.潺潺声,气流分离"
burnish,"vt.磨光,擦亮(金属)"
bursar,n.会计；财务主管；司库
bushed,adj.疲倦的；迷路的；长满灌木的
butterfingers,n.容易掉球的人；手脚笨拙的人
byzantine,"adj.东罗马帝国的,拜占庭式的n.拜占庭人,拜占庭派的建筑师,画家"
cadge,"v.行乞,乞讨,贩卖"
cagey,"adj.谨慎小心的,精明的"
calamitous,"adj.多灾难的,不幸的"
calorific,adj.生热的
calumniate,"vt.中伤,诽谤"
calumny,"n.诽谤,中伤"
canker,"n.[医]溃疡,[植](树的)癌肿病,腐败vi.患溃疡,腐蚀,溃烂vt.使患溃疡,使腐蚀"
canny,adj.精明的；谨慎的；节俭的；狡诈的
canonize,"vt.封...死者为圣徒,使加入圣徒之列,褒扬,推崇"
captious,"adj.吹毛求疵的,挑剔的"
carafe,"n.卡夫卡瓶, 玻璃水瓶"
carat,n.(=karat)克拉(宝石的重量单位)
carouse,v.狂欢作乐
carping,"adj.吹毛求疵的,挑毛病的"
Carrel,n.图书馆卡座(=carrell)
casserole,n.（餐桌上用有盖的）焙盘；砂锅菜
caste,"n.印度的世袭阶级,(排他的)社会团体,职业等级,(具有严格等级的)社会地位,社会等级制度"
casuistry,"n.决疑法,决疑论,诡辩"
cataclysmal,
catcall,"n.不满之声,嘘声v.发嘘声"
catechism,"n.问答教学法,问答集"
caterwaul,"n. 猫叫春声, 像猫叫春的声音; vi. 叫春, 像猫叫春地叫"
cauterize,"vt.烧灼,烙,使麻木不仁"
cavalcade,n.队伍
cavalier,"n.骑士,武士,对女人献殷勤,有礼貌的绅士"
cavil,"vi.挑剔,找错"
celibate,"n.独身者,独身主义者adj.独身的,未婚的,禁欲的"
cellophane,n.玻璃纸
celluloid,n.赛璐珞；明胶；假象牙；电影
cellulose,n.纤维素
censorious,"adj.受批判的,挑剔的"
chafe,"v.(将皮肤等)擦热,擦破,使恼火"
chaplain,n.专职教士；牧师
chaps,n.皮套裤；皮护腿套裤
chasm,"n.深坑,裂口"
chassis,n.底盘
chasten,v.磨炼
chattel,"n.[律]动产,[常用复数]奴隶"
cheeky,"adj.厚脸皮的, 莽撞的、放肆的"
chichi,adj.精致的；装腔作势的
chimera,"n.[希神]狮头,羊身,蛇尾的吐火怪物,妖怪,狂想"
chimerical,adj.空想的
chink,n.裂缝；漏洞；硬币；叮当声；(贬)中国人
chivalrous,"adj.有武士风度的,侠义的"
chivalry,"n.骑士精神,骑士制度"
choleric,adj.易怒的
chortle,vi.咯咯笑n.得意的高笑
chuck,n.抛掷；卡盘；咯咯声
chug,n.（火车等缓行时的）轧轧响声
chump,n.呆子；笨蛋；短而厚的木块；羊腰部的厚肉
clack,v.发出咔嗒声；使咔嗒咔嗒地响
clammy,adj.潮湿的；湿冷的；冷黏的；冷漠的
clamor,"n.喧闹,叫嚷,大声的要求v.喧嚷,大声的要求"
clang,v.（使）发出铿锵声；鹤鸣声
clangor,n.(尤指连续的)铿锵声；叮当声
claptrap,"n.应付场面的话, 讨好的言语或行为, 废话, 噱头; adj.讨好的"
clatter,n.咔嗒声；哗啦声；嘈杂的谈笑声
clinch,"n.钉牢,拥吻v.敲弯,扭住"
clink,n.<俚>牢房；叮当声
clique,"n.私党,小圈子,派系,阀vi.结党"
clobber,v.狠揍；不断地打击；彻底打垮；使受到严重的经济损失
cloister,n.修道院；寺庙；回廊；隐居地
cloudburst,n.倾盆大雨；暴雨
clout,"n.敲打,轻叩,破布vt.叩,敲一下"
cloven,"adj.分裂的,裂开的"
cluck,v.发咯咯声；发啧啧声
clunk,n.沉闷的金属声；愚蠢乏味的人
clunker,"n. 年久失修的旧机器, 失败"
coalesce,v.接合
cockeyed,adj.斗鸡眼的；斜的；酒醉的
coddle,v.娇养；溺爱；用文火煮
coeval,adj.同时代的n.同时代的人
cogitate,"v.思考,考虑"
cognate,"adj.同词源的,同类的"
cohere,"vi.粘着,凝结,紧凑"
comeuppance,"n.应得的惩罚,因果报应"
commandant,n.司令官；指挥官；军校校长
commando,n.突击队(员)；(南非的)民兵
commiserate,"v.怜悯,同情"
commissary,"n.代表,物资供应所,委员"
commodious,adj.宽敞的
commodore,n.海军准将；快艇俱乐部主席；资深船长；舰队司令官
commonplace,"n.平凡的事,平常话adj.平凡的"
commutation,n.交换
complaisant,"adj.彬彬有礼的,殷勤的,柔顺的"
comport,v.相称
conciliate,"vt.安慰,赢得,调和"
conclave,"n.秘密会议,[天主教]教皇选举会议,红衣主教团"
concomitant,adj.伴随的n.伴随物
condole,v.慰问
condor,"n.大兀鹰, 秃鹰金币"
conflagration,"n.大火,大火灾,突发"
conflate,v.合并
confluence,n.汇合
conformity,"n.一致,符合"
confute,"vt.驳斥,驳倒"
congenial,"adj.性格相似的,适意的"
conniption,n. 发作性歇斯底里
connivance,"n.假装不见,纵容,默许"
consanguinity,"n.血亲,血缘,亲密关系"
consilience,
consonance,"n.一致,调和,[乐]协和音程,[韵]和音"
consternation,"n.惊愕,恐怖,惊惶失措"
constrict,v.压缩
constringe,"vt.使收缩,使收敛,压缩"
contextualize,vt.将(音素、单词等)置于上下文中研究 (通过介绍来龙去脉) 使(事件、 活动等) 溶入背景
continence,"n.自制,克制,节欲(尤指禁欲)"
contralto,n.(最低的)女低音
controvert,"vt.议论,辩论vi.参加辩论"
corporeal,"adj.肉体的,物质的,有形的"
corpuscle,"n.血球,<物理>微粒"
corral,n.畜栏vt.关进畜栏
countenance,"n.面容,脸色,支持vt.支持,赞助"
countermand,"vt.取消,撤消,下反对命令召回n.反对命令,取消"
countervail,"vt.补偿,抵销vi.抵销"
coy,"adj.腼腆的,怕羞的,卖弄风情的"
crabbed,"adj.乖戾的,易怒的,难懂的,潦草的"
crackle,v.发劈啪声
crackpot,adj.想入非非的；不切实的
crackup,n.撞坏(碰撞；失去控制；崩溃)
crafty,"adj.狡诈的,诡计多端的,善于骗人的"
cranium,n.头盖骨；颅骨；脑壳
crass,"adj.粗鲁的,愚钝的,非常的,粗糙的"
creak,n.辗轧声；嘎吱声
creaky,adj.叽叽嘎嘎的；不发辗的
crick,n.痛性痉挛
crocus,n.番红花属；番红花；藏红花；磨粉
croquet,n.槌球戏；循环球戏
crotchety,"adj.有怪想的,反复无常的,想入非非的"
crummy,adj.肮脏的；破旧的；很差的；微不足道的；寒酸的；不值钱的
cryptic,"adj.秘密的,含义模糊的,神秘的,隐藏的"
cubbyhole,n. 舒适的小窝
cur,"n.恶犬（尤指杂种狗）, 卑鄙小人, 胆小鬼"
dandy,"n.花花公子adj.服装华丽的,极好的,上等的"
dank,"adj.透水的,潮湿的,阴湿寒冷的"
dapper,"adj.整洁的,整齐的,短小精悍的,小巧玲珑的,潇洒的,衣冠楚楚的"
dashing,adj.时髦的；冲劲足的
dawdle,"v.游手好闲,混日子"
de jure,"[法] 法律上, 按照法律的, 合法的"
de rigueur,a. 社交礼节上需要的
debar,"v.阻止,禁止,排除,剥夺"
debonair,"adj.殷勤的,高兴的,快活的,温文尔雅的"
decadence,n.颓废
declaim,"v.巧辩,演讲,高声朗读"
decommission,vt.使退役
decree,"n.法令,政令,教令,天命,判决v.颁布"
deducible,adj.可推论的
defunct,adj.死了的
denizen,n.居民
denouement,"n.(小说、戏剧等的)结尾, 结局"
deprecate,"vt.抗议,不赞成,抨击,反对,藐视,轻视"
depredation,"n.掠夺,破坏痕迹"
derelict,adj.被抛弃了的n.遗弃物
dereliction,"n.无主,抛弃物"
descry,"vt.察看,发现,远远看到"
desiccate,"vt.使完全变干,干贮(食物等)vi.变干"
desideratum,"n. 所愿望之物, 迫切需要之物"
despoil,"vt.夺取,掠夺"
despondent,adj.沮丧的
détente,n.(国际关系等的)缓和
devoid,"adj.全无的,缺乏的"
dexterous,"adj.灵巧的,惯用右手的"
dilatory,"adj.拖拉的,不慌不忙的"
diminution,"n.减少,减低,缩小"
diminutive,"adj.小的,指小的,小型的n.小的人,指小辞,指小词,爱称"
din,"n.喧嚣v.絮絮不休地说,喧闹"
dingbat,n.笨蛋；钱；容易投掷的东西；主意
dingy,"adj.暗黑的,邋遢的"
disaffected,"adj.抱不平的,有叛意的,不服的"
disclaim,"v.放弃,弃权,拒绝"
discombobulated,adj 被混乱的；被困惑的
disconsolate,"adj.孤独的,郁郁不乐的"
discordant,"adj.不调和的,不和的,[乐]不悦耳的,不和谐的"
discursive,"adj.散漫的,不得要领的"
disembark,"v.(使)起岸,(使)登陆"
disfigure,"v.损伤外貌,使变丑"
disjunction,"n.分离,分裂,折断"
dislodge,v.驱逐
dispassionate,"adj.冷静的,不带感情的,平心静气的"
dispirited,adj.沮丧的
disport,"v.玩耍,娱乐n.娱乐"
dispossess,"vt.霸占,(对土地、房屋等的)剥夺,使失去,逐出"
disputatious,adj.好争辩的
disquiet,"n.忧虑,不安vt.使不安,使忧虑"
disquieting,"adj.令人不安的,令人忧虑的"
disquietude,"n.不安,忧虑"
disquisition,"n.专题论文, 学术演讲,研究"
dissemble,"v.掩饰,假装不知道"
dissimulate,"v.掩饰,假装,装糊涂"
dissolute,"adj.放荡的,风流的,肆意挥霍的"
dissolution,"n.分解,解散"
dissonance,"n.不一致,不调和,不谐和音"
distrait,adj.心不在焉的
distraught,adj.发狂的
diva,n.歌剧中的首席女主角
divan,n.会议室；国务会议；沙发床；咖啡馆；吸烟室；诗集
doctrinaire,n.教条主义者
dodder,v.步履不稳；蹒跚
doddering,"adj.震颤的,蹒跚的"
doff,"vt.脱,废除,丢弃"
dogged,"adj.顽固的,顽强的"
dolt,"n.呆子,傻瓜,笨蛋"
doltish,adj. 愚笨的
domicile,"n.住所,住宅v.(使)定居"
domineer,v.压制
dote,"vi.昏聩,溺爱"
dour,"adj.不爱讲话的,阴沉的,顽强的,严厉的"
dowager,"n.继承亡夫爵位(或遗产的)遗孀,贵妇"
dowdy,"adj.衣衫褴褛的,寒酸的,懒散的n.懒散的女人,邋里邋遢的女人"
dowel,n.木钉；暗榫；合板钉
down-at-heel,adj. 用旧的; 衣着褴褛的
downcast,"adj.气馁的,悲哀的,沮丧的,(眼睛)向下看的"
drab,"adj.土褐色的,单调的"
drafty,adj.通风良好的
drawl,"v.懒洋洋地说,做作而慢慢地说n.懒洋洋的说话态度"
drivel,"vi.淌口水,说傻话vt.胡说n.流口水,胡言乱语,糊涂话"
dumpy,adj.矮胖的；短而厚的；肮脏破旧的；下流的
duplicitous,a. 奸诈的；双重的；搞两面派的
dyslexia,n.[医] 诵读困难
dyspepsia,n.消化不良
dyspeptic,"adj. 消化不良的, 胃弱的, 脾气暴躁的; n. 患消化不良的人"
ecclesiastic,"n.神职者,教会,牧师adj.神职者的,牧师的,教会的"
éclair,n.奶油卷
éclat,n. 辉煌（或巨大）成就，极大成功;炫耀，令人眼花缭乱的显示
ecliptic,"n.[天]黄道adj.黄道的,日(或月)食的,蚀的"
eczema,n.湿疹
educe,"vt.得出,导出,引出,唤起,使显出"
eerie,"adj.怪诞的,可怕的,不安的,奇异的"
effectuate,"vt.实行,完成"
effeminate,"adj.柔弱的,女人气的,娇气的"
effluent,"n.废水, 污物, 水流; adj.流出的"
effluvia,n.pl.臭气(effluvium的复数形式)
effluvium,"n.臭气,恶臭,放出,[无]无声放电"
effulgent,adj.光辉灿烂的
effusion,"n.流出物,泻出,[医]渗出"
effusive,"adj.感情横溢的,流出的"
elaboration,"n.苦心经营,苦心经营的结果,详尽的细节"
élan,n.活力
elk,n.麋；驼鹿；软鞣粗皮
emanate,"vi.散发,发出,发源vt.[罕]发散,放射"
emasculate,"vt.阉割,使柔弱,删削,使无力adj.阉割了的,柔弱的"
emblazon,"vt.用纹章装饰,颂扬,盛饰"
embolism,n.闰日；血管阻塞；栓塞
emboss,"vt.饰以浮饰,使浮雕出来"
embroil,"vt.使卷入,牵连,使纠缠"
emend,"vt.修订,校勘"
emetic,n.[医]催吐剂adj.引起呕吐的
emollient,"adj.使柔软的n.[药]润肤剂,缓和剂"
emolument,"n.薪水,报酬"
emulous,adj.好胜
enclave,n.被包围的领土
encomium,"n.赞辞,赞美,称赞"
endive,n.菊苣；荷兰莴苣
endocrinologist,[医] 内分泌学家
enduring,"adj.持久的,不朽的"
enema,n.灌肠剂；灌肠
engross,"vt.用大字体书写,吸引,占用,使全神贯注,独占"
enjoin,"vt.吩咐,命令,嘱咐,<主美>禁止"
enliven,"vt.使生气的,使活泼,使生动"
enmity,"n.敌意,憎恨"
enrapture,vt.使狂喜
ensconce,"vt.隐藏,安置"
entendre,n. 双关语
epicure,"n.美食家,老饕,<古>享乐主义者"
epicurean,"adj.伊壁鸠鲁的,贪口福的,享乐主义的n.信奉伊比鸠鲁学说者,享乐主义者,美食家"
epigram,"n.警句,讽刺短诗"
epistemologist,
epitaph,n.墓志铭
equable,"adj.变动小的,平静的"
equine,"adj.马的,象马的n.马"
equitable,"adj.公平的,公正的,平衡法的"
ergo,"adv.因此,由是"
errant,"adj.周游的,不定的,错误的"
erratic,"adj.无确定路线,不稳定的,奇怪的n.古怪的人,漂泊无定的人"
escapade,
estimable,"adj.可尊敬的,可估计的,<古>可贵的,有价值的"
ethos,"n.气质,道义,民族精神,社会思潮,风气"
eviscerate,"vt.取出内脏,除去精华,除去主要部分vi.凸出"
exacting,"adj.苛求的,严格的,吃力的,需付出极大耐心"
exchequer,"n.[英史]财物署,国库,财源,财政部"
execrable,"adj.该咒的,可憎恨的,讨厌的,恶劣的,坏透的"
execrate,"vt.痛骂,憎恨,憎恶,诅咒vi.诅咒"
exegesis,"n.注释,解释"
exigency,"n.苛求,紧急,紧急事件"
exigent,"adj.紧急的,迫切的,苛求的,要求很高的"
expatiate,"vi.详述,细说"
expiate,"vt.补偿,赎vi.赎罪"
explicate,v.说明
extraneous,"adj.无关系的,外来的,[化]外部裂化,[化]新异反射"
extricate,
extrude,"v.挤压出,挤压成,突出,伸出,逐出"
exult,"vi.非常高兴,欢跃"
facetious,"adj.幽默的,滑稽的,喜开玩笑的"
factitious,"adj.人为的,做作的,不自然的"
fag,n.(尤英）苦工；苦差事
falter,"vt.支吾地说,结巴地讲出vi.支吾,蹒跚踉跄,摇摆,(声音)颤抖n.颤抖,支吾,踌躇"
fanfare,"n.喇叭或号角嘹亮的吹奏声,吹牛"
fatuity,"n.愚昧,昏庸,愚蠢的言行"
fatuous,"adj.愚昧的,昏庸的,发呆的,愚笨的,自满的"
fauna,"n.动物群,动物区系,动物志"
fecund,"adj.生殖力旺盛的,多产的,丰饶的,肥沃的"
fecundity,"n.多产,丰饶,肥沃,[动]产卵力,生育力,[植]结实性"
felicitous,"adj.(措辞等)恰当的,巧妙的,极为适当的,可喜的,善于措词的,[罕]幸福的,快乐的"
felicity,"n.幸福,幸运,福气,(措辞等)恰当,巧妙,幸福,幸运"
feral,"adj.野生的,未驯服的,凶猛的,野兽的"
fern,n.羊齿植物；蕨
ferocious,"adj.凶恶的,残忍的,凶猛的,<口>十分强烈的,极度的"
ferret,"n.白鼬,雪貂,侦探,细带vt.用雪貂打猎,追赶,搜出,驱出vi.用雪豹狩猎,搜索"
fervent,adj.炽热的
fervid,"adj.热的,热心的"
fester,"n.脓疮vi.溃烂,化脓vt.使烦恼,使溃烂"
fete,"n.庆祝,祭祀,节日vt.宴请,招待,给予...巨大的荣誉"
filial,"adj.子女的,孝顺的,当做子女的"
finicky,"adj.过分注意的,过分讲究的,过分周到的"
firebrand,"n.火把,燃烧的木柴,放火者,煽动叛乱者"
flab,n.松弛的肌肉
flabby,adj.软弱的；松弛的；没气力的；不稳的
flaccid,adj.软弱的；没气力的；无活力的
flair,"n.才能,本领"
flashy,adj.浮华的
flaunt,"n.招展,招摇,炫耀,飘扬v.挥动,夸耀,炫耀,飘扬"
flay,"vt.剥皮,去皮,抢夺,严厉批评"
fleck,"n.(皮肤的)斑点,雀斑,斑纹,微粒vt.使起斑点,使有斑纹,使有斑驳"
flighty,"adj.忽发奇想的,反复无常的,轻浮的,轻狂的,心情浮动的"
flinch,"vi.畏缩,退缩,畏首畏尾n.退缩,畏缩"
flippancy,"n. 无礼, 言语尖刻"
floe,"n.大浮冰,浮殡冰块"
flop,v.啪嗒啪嗒地动；笨重地摔；猛落；<口>失败
flounder,"vi.(在水中)挣扎,困难地往前走,踌躇,发慌n.挣扎,辗转,比目鱼"
flue,n.烟道；暖气管
fluster,"n.慌乱,狼狈,混乱,激动vt.使酩醉,使慌张,使激动vi.慌慌张张的行动,混乱"
flutter,"n.摆动,鼓翼,烦扰vi.鼓翼,飘动,悸动,乱跳,烦扰vt.拍(翅),使焦急"
flux,"n.涨潮,变迁,[物]流量,通量vi.熔化,流出vt.使熔融,用焊剂处理"
foil,"n.箔,金属薄片,[建]叶形片,烘托,衬托vt.衬托,阻止,挡开,挫败,贴箔于"
foist,"vt.偷偷插入,使混入,硬卖给,私自添加,把...强加(于),把...塞(给)"
forebears,
forlorn,adj.被遗弃的
fornication,n.通奸；乱伦；婚外性行为
forswear,v.放弃
fortuitous,"adj.偶然的,幸运的"
foundling,n.弃儿；拾来的孩儿
fracas,n.喧噪；吵闹；纷扰
fray,"n.冲突,打架,争论,(织物等)磨损处vt.使磨损vi.被磨损"
frazzle,v.磨损；使磨破；破烂
frig,n.冰箱；冷冻机；冷藏库
frisky,adj.活泼的；快活的；有性要求的
fuddle,"vt.灌醉,使迷糊,使烂醉vi.狂饮n.烂醉"
fudge,n.软糖；胡言
fulsome,"adj.过度的,令人生厌的,过分的"
fussbudget,n. 大惊小怪的人
fusty,"adj.旧式的,霉臭的,陈腐的,古板的"
fuzz,n.<非正式> 细毛；绒毛；警员
gabble,"v.急促而不清楚地说, 喋喋不休地讲 ; n.急促讲出而叫人听不清说的话"
gadabout,"n. 游荡的, 漫步的"
gaga,adj.<美俗> 糊涂的；狂热的
gaggle,n.鹅群；一群(喧哗的人)
gainful,"a. 有利益的, 唯利是图的"
gainsay,v.否认
gala,n.节日；祝贺；盛会
galley,"n.狭长船,大型划船,船上厨房,(印刷用的)长方活字盘,军舰"
galling,"adj. 使烦恼的, 使焦躁的, 难堪的"
gallivant,vi.与异性闲荡或闲逛；同异性调情；闲逛
gambit,"n.以优势的开局棋法,话题,开始"
gangrene,"n.坏疽,腐败堕落的vi.生坏疽,腐败vt.使生坏疽"
garbled,
garner,v.储存
gauche,"adj.笨拙的,粗鲁的,偏转的,无礼的"
gaudy,adj.华而不实的
gawk,n.呆子v.呆呆地看着
gawky,"adj.迟钝的,笨拙的"
gee,int.吆喝马的用语；惊讶时所发声音
gee whiz,int.(表示对意外的惊讶和感叹)咦；哇
geezer,n.古怪的老头
gelatinous,adj.凝胶状的
genealogy,"n.系谱,家系,宗谱"
genial,adj.亲切的
genteel,adj.上流社会的
gentility," 有教养,文雅"
genus,"n.种,类"
gerontocracy,"n.老人统治,老人政治,老人政府"
gibber,v.胡言乱语地说; n.胡言乱语
gibberish,"n.快速而不清说的言语,乱语"
gibe,v.嘲笑n.嘲笑
gleam,"n.微弱的闪光,一丝光线,瞬息的一现vi.闪烁,隐约地闪现vt.使发微光,使闪烁"
glimmer,v.闪烁n.闪光
glint,n.闪烁
glitz,n.炫目；浮华
glossy,"adj.平滑的,有光泽的"
glow,"vi.发光,发热"
glower,v.怒目而视
glycerin,n.甘油
gob,n.一小团；块；滴；(英）嘴；<俚> 水兵
gobble,"n.火鸡叫声vt.狼吞虎咽vi.贪食,咯咯叫声"
goof,n.愚蠢的人；愚蠢的错误
goofy,adj.愚笨的；傻瓜的
grandiose,"adj.宏伟的,堂皇的,宏大的"
granola,n.格兰诺拉麦片(源出商标名)
gratify,vt.使满足
grating,"n.门窗的栅栏,[物理]光栅,摩擦,摩擦声adj.刺耳的"
gratis,"adv.免费,白送adj.免费的"
gratuitous,"adj.免费的,无理由的"
gravel,n.碎石
gravelly,"adj.多碎石的, 铺有碎石的, 发出沙哑声的"
gravitas,"n. 庄严的举止, 庄严"
grievance,"n.委屈,冤情,不平"
grievous,adj.令人忧伤的
grim,adj.严酷的
grimy,"adj.污秽的,肮脏的"
gripe,"n.紧握,柄,把手,控制,苦恼vt.抓紧,抱住,激怒,使苦恼,使肠痛vi.肠痛,抱怨"
grippe,n.流行性感冒
grisly,"adj.恐怖的,可怕的,令人毛骨悚然的"
grit,"n.粗砂v.研磨,在...上铺砂砾"
groggy,"adj.酒醉的,东歪西倒的,摇摇晃晃的,头昏眼花的"
groin,n.腹股沟；交叉拱；弧棱；防波堤
groovy,adj.<俚> 绝妙的；时髦的
grouch,"n.不高兴的人,心怀不满vi.<美>闹脾气,发牢骚"
grouchy,"adj.不高兴的, 爱抱怨的"
grouse,"n.松鸡,牢骚vi.埋怨"
grudging,"adj.不愿的,勉强的,吝啬的"
grueling,"n.重罚,严惩"
gruff,"adj.(说话、态度等) 粗暴的,生硬的,脾气坏的,(声音)粗哑的"
grumble,"adj.抱怨地表示,嘟囔地说n.怨言,满腹牢骚vi.抱怨,发牢骚,咕哝,嘟囔,隆隆响vt.喃喃地说出"
guck,n.<美俚> 粘糊糊的东西
gummy,adj.黏性的；（微笑时）露齿龈的
gumption,n.机智；精明；魄力；进取心
hallow,"vt.使...神圣,视为神圣"
halting,"adj.跛的,犹豫的,蹒跚的"
ham-handed,"a. 手特大的, 笨手笨脚的"
hangdog,"adj.鬼鬼祟祟的,卑躬屈膝的,低贱的n.(原义:像狗一样被吊死的人) 卑鄙(或卑贱)的人"
haphazard,"n.偶然,偶然事件adj.偶然的,随便的adv.偶然地"
hard-bitten,"a. 顽强的, 不易对付的, 难以驾御的, 顽固的"
harried,动词harry的过去式; 动词harry的过去分词
harrow,"n.耙(地),使精神痛苦vt.耙掘,伤害,使苦恼vi.被耙松"
harrowing,"adj.痛心的,悲惨的"
harry,"v.掠夺,折磨"
headlong,"adv.头向前地,轻率地"
heave-ho,n.拒绝；开除
hedonic,adj.享乐的n.享乐主义学说
heedless,adj.不注意的
helium,n.氦
helter-skelter,n.慌张；狼狈
hereafter,"adv.今后,从此以后"
hermaphrodite,"n.具有两性者,阴阳人,两性体 ; adj.雌雄同体的"
hew,
hidebound,"adj.营养不良的,量小的,死板的"
higgledy-piggledy,adj. 杂乱无章的; adv. 混乱地
high-flown,
hillbilly,n.乡下人；乡巴佬；山区居民
hindmost,"adj.最后面的,最后部的"
hissy fit,发脾气
histrionic,adj.戏剧的
hoary,"adj.灰白的,(因年迈而)头发灰白的,古代的,久远的"
hodgepodge,n.大杂烩
ho-hum,adj.无聊的；乏味的
hoi polloi,"n. 民众, 大众"
hoity-toity,adj.傲慢的；轻浮的；作态的
hokum,n.噱头；[俚](影剧中)逗人笑或惹人落泪的惯用手法
homogenize,vi.均质化vt.使均匀
homogenous,"adj.[生]同质的,纯系的"
honcho,n. <美俚>上司； 老板
honky-tonk,n.下等酒馆
hospice,"n.旅客住宿处,收容所,济贫院"
hothead,"n.性急的人,鲁莽的人"
hovel,n.不适宜居住的小屋；杂物间；家畜小屋
hubbub,"n.吵闹声,叫嚷声"
huckster,n.小商人；叫卖的小贩；商业广告员
hulking,"adj. 笨重的, 粗陋的"
hullabaloo,n.（尤指人的）持续的吵闹声；喧闹；嘈杂
humbug,n.欺骗v.欺骗
humdrum,adj.单调的；乏味的
humectant,n.湿润剂
hunker,vi.蹲；蹲坐
hurly-burly,n.喧闹；骚动
husbandry,n.管理
husky,"adj.谷的,像谷的,(声音)沙哑的,嘶哑的"
hustings,n.(单复同)竞选活动
hutch,n.（兔）笼；小屋
hypothermia,n.降低体温
ibidem,"adv.同前,如上"
iconoclast,"n.偶像破坏者,提倡打破旧习的人"
idyll,"n.田园生活, 田园诗 ; =idyl"
ignominious,"adj.可耻的,不光彩的,下流的"
ignominy,n.耻辱
ignoramus,"n.无知者, 笨蛋"
iguana,n.〈动〉鼠鳞蜥（一种美洲大蜥蜴）
illuminate,"vt.照明,照亮,阐明,说明,使灿烂,以灯火装饰(街道等)vi.照亮"
imbibe,v.吸收
imbue,v.浸透
immure,"vt.监禁,禁闭,把...嵌在墙上"
impassioned,adj.热情洋溢的
impassive,adj.冷漠的
impecunious,"adj.(经常)没有钱的,身无分文的,贫穷的"
impenitent,"adj.不悔悟的,顽固的n.不悔悟的人,顽固的人"
imperious,adj.专横的
impinge,v.撞击
impolitic,"adj.失策的,不得当的,不审慎的,没见识的"
importunate,
importune,v.强求
imposture,"n.欺诈,冒牌"
imprecation,"n.祈求,诅咒"
impregnable,"adj.无法攻取的,要塞坚固的,不受影响的,可以受孕的的"
impregnate,"vt.使怀孕,使受精,使充满,注入,灌输adj.怀孕的,充满的"
impudence,"n.轻率,厚颜无耻"
impudent,"adj.放肆无礼的,,厚颜无耻的"
impugn,v.打击
impunity,"n.不受惩罚,免罚,无患"
incandescent,"adj.遇热发光的,白炽的"
incarnate,"vt.体现,使具体化,使成化身adj.化身的,人体化的,肉色的"
incommunicado,"adj.禁止通信的,被单独囚禁的"
incorporate,"adj.合并的,结社的,一体化的vt.合并,使组成公司,具体表现vi.合并,混合,组成公司vt.[律]结社,使成为法人组织"
incorporeal,"adj.非物质的,无实体的,灵魂的,无形体的"
incorrigible,"adj.无药可救的,不能被纠正的"
incubus,"n.梦魇,沉重的负担"
inculpate,"vt.使...有罪,控告"
indigence,"n.贫乏,穷困"
indigenous,adj.本土的
indigent,"adj.贫乏的,穷困的"
indissoluble,adj.不能分解的
indolent,"adj.懒惰的,不痛的"
ineffable,"adj.不能说的,不应说出的,避讳的"
inept,"adj.不适当的,无能的,不称职的"
infernal,"adj.阴间的,恶魔的"
infidel,"adj.不信宗教的,异端的n.无信仰者,异教徒,异端"
infraction,"n.违反,侵害"
ingenious,"adj.机灵的,有独创性的,精制的,具有创造才能"
ingenuous,"adj.坦白的,自然的,直率的"
inimical,adj.敌意的
inimitable,"adj.无法模仿的,独特的,无比的"
iniquitous,adj.不公正的
iniquity,n.不公正
injurious,adj.有害的
innate,"adj.先天的,天生的"
inopportune,
inordinate,adj.紊乱的
inquest,n.审讯
insensate,adj.没有感觉的
insouciant,"adj.漫不经心的,漠不关心的,无忧无虑的"
instep,n.脚背；背部；脚背形的东西
instigate,v.鼓动
intemperate,adj.放纵的
intercessor,"n.仲裁者,调解人"
interdict,v.阻断
interlocutor,"n.对话者,对谈者"
interloper,"n.闯入者,(为图私利)干涉他人事务者,无执照营业者"
interpose,v.提出
interregnum,"n.空白期间,空位期间,中断"
interstice,"n.空隙,裂缝"
inured,
invective,"n.恶言漫骂adj.漫骂的,非难的,恶言的"
inveigh,"v.痛骂,猛烈抨击,强烈抗议"
inveigle,"v.诱骗,骗取"
investiture,"n.授职,授权,覆盖物"
invidious,"adj.易招嫉妒的,不公平的,诽谤的"
ire,
iridescent,"adj.彩虹色的,闪光的"
jab,v.猛刺n.刺戳
jabber,"v.快而含糊地说,吱吱喳喳地叫,闲聊n.快而含糊不清的话"
jerry-built,adj. 偷工减料的
jibe,v.嘲笑；嘲弄；<口>符合；相一致；（使）改变方向；（使）从一舷转至另一舷
jumpsuit,n.伞兵跳伞服；连身衣裤
junket,n.野宴；游览
ken,"n.视野,知识领域,见地"
kernel,"n.(硬壳果)仁,(去壳的)麦粒,谷粒,(事物、问题的)核心,要点,精髓,内核"
kibosh,n. 阻止成分; vt. 阻止
kismet,"n.命运,天命"
kitsch,n.粗劣作品或工艺品
kitschy,艺术上浅薄鄙俗但技巧娴熟的
laggard,
landlubber,n.不谙航海的人；蹩脚的水手
larder,"n.肉贮藏处,食品库,贮藏的食品v.贮藏"
lascivious,"adj.好色的,淫荡的,挑动情欲的"
leaven,"n.酵素,酵母,潜移默化的影响vt.使发酵,影响"
leech,"n.水蛭, 榨取他人利益的人 ; v.以水蛭吸血"
legerdemain,"n.戏法,骗术,诡辩,巧妙的花招"
leviathan,"n.(<<圣经>>中象征邪恶的)海中怪兽,巨物"
libertine,"n.放荡不羁者,玩乐者,浪子,自由思想家adj.放荡的"
libidinous,"adj. 好色的, 淫荡的, 性欲的"
limp,"adj.柔软的,易曲的vi.跛行"
lode,n.<古>水道；矿脉；丰富的来源或供给
lounge,"n.闲逛,休闲室,长沙发vi.闲荡,懒洋洋地躺卧vt.虚度光阴"
lurid,"adj.<罕>苍白的,可怕的,血红的,耸人听闻的"
machinations,
malaise,n.不舒服
malapropos,adj.不合时宜的
malfeasance,"n.不正当,不法行为,渎职"
malign,v.诽谤adj.恶毒的
malinger,vi.装病
malingerer,"n.装病以逃避责任者,装病的人"
mallard,n.绿头鸭（一种野鸭）
mange,"n.[兽医]兽疥癣,家畜疥"
mangle,"vt.乱砍,撕裂,破坏,毁损,损坏,轧布n.(洗衣用的)轧干机,熨平机"
mangy,"adj.患疥癣的,褴褛的,污秽的,卑鄙的"
maniacal,"adj.发狂的,狂乱的"
marauder,n. 掠夺者
marauding,adj.抢劫的 劫掠的; 动词maraud的现在分词形式
maritime,"adj.海上的,海事的,海运的,海员的"
maroon,n.栗色adj.栗色的
marsh,"n.湿地,沼泽,沼泽地"
maudlin,adj.容易流泪的；感伤的；醉后好哭的
maul,n.大槌
maw,"n.动物的胃, 咽喉,口部"
mawkish,adj.令人厌恶的
mealymouthed,"adj.转弯抹角说的,不敢直说的"
membrane,"n.膜,隔膜"
memento,n.纪念品
mercantile,"adj.商人的,商业的,经商的,重商主义的,以金钱为目的的"
merengue,n.梅伦格舞（海地和多米尼加的一种交际舞，融合了西班牙及非洲音乐风格）
meretricious,"adj.华丽而庸俗的,俗气的,娼妓的,适合娼妓的"
meringue,n.蛋白与糖制成的糕饼
Meritage,n. 麦瑞泰基（酒品牌）
miasma,"n.瘴气, 烟雾弥漫的空气, 不良气氛"
mien,n.风度
milieu,"n.周围,环境"
militate,vi.产生作用或影响
milksop,n. 懦弱的男人
minatory,adj.威胁的
minutiae,
misanthrope,"n.厌恶人类的人,不愿与人来往者"
misanthropic,"adj.厌恶人类的,憎恶(或蔑视)世人的"
mischief,"n.伤害,危害,故障,恶作剧,淘气,调皮的人,损害"
mishmash,"n.混杂物,杂乱的一堆"
mite,"n.微小的东西,<口>小孩,力所能及的微小贡献"
mobocracy,"n.暴民统治,(作为统治阶级的)暴民"
molasses,n.糖浆；糖蜜
molder,"vi. 腐朽, 崩坏; n. 制模者, 铸模工"
molten,v.熔化adj.熔铸的
mores,"n.风俗,习惯,民德,道德观念"
moribund,adj.垂死的n.垂死的人
morose,"adj.郁闷的,乖僻的"
mottled,"adj.杂色的,斑驳的"
mountebank,"n.江湖郎中,骗子"
muddle,"vt.混合,使微醉,使咬字不清晰,鬼混vi.胡乱对付n.困惑,混浊状态,糊涂"
multifarious,"adj.种种的,各式各样的"
munificent,"adj.宽宏的,慷慨的"
mushy,adj.糊状的；含糊不清的；感伤的
mutilate,v.毁伤
mutter,"n.咕哝,嘀咕v.咕哝,嘀咕"
nativity,"n.出生,(the Nativity)基督降生"
natty,adj.整洁的
ne’er-do-well,
nefarious,"adj.邪恶的,穷凶极恶的"
nippy,adj.刺骨的；锐利的；（狗）爱咬人的
nirvana,"n.涅盘,天堂"
nonchalance,n.冷淡
nondescript,"adj.无可名状的,难以区别的,无特征的n.无以名状,不属任何类型的人"
noxious,adj.有害的
nugatory,"adj.无价值的,无效的,无关紧要的"
numbskull,"n. (=numskull)笨蛋, 傻瓜"
numismatics,"n.钱币学,奖章类的研究"
oaf,"n.[罕]呆子,畸形儿"
obdurate,"adj.冷酷无情的,顽固的,执拗的"
obfuscate,"vt.使模糊,使迷乱"
oblique,"adj.倾斜的,间接的,不坦率的,无诚意的"
obnoxious,"adj.不愉快的,讨厌的"
obviate,"vt.消除,排除(危险、障碍等),回避,预防,避免"
occlude,"v. 使闭塞, 封闭, (牙齿)咬合"
ocular,"adj.眼睛的,视觉的n.目镜,眼睛"
oculist,n.眼科医生
offbeat,adj.不规则的
offish,adj.冷漠的
off-key,"a. 走调的, 不正常的, 不适合的, 不和谐的"
onus,"n.责任,负担"
opportune,"adj.(指时间)凑巧的、恰好的,(指行动或事件)及时、适宜的"
oppugn,"vt.责难,反驳,质疑,抗击"
opulence,n.富裕
opulent,"adj.富裕的,丰富的,丰饶的,繁茂的"
opus,n.作品
outcast,"adj.被逐的,被排斥的,被遗弃的n.被驱逐者,流浪者,流氓"
outré,
outskirts,"n.边界,(尤指)市郊"
outstrip,v.超过
overweening,"adj.骄傲的,自负的,夸大了的"
palatial,adj.富丽堂皇的
pallet,"n.扁平工具,棘爪,货盘"
palliate,v.减轻
palsy,n.瘫痪
palter,"vi.含糊其词,敷衍了事,斤斤计较"
pander,"vi.勾引,拉皮条n.拉皮条者,勾引者"
parry,n.躲避
particularize,"v.详细说明,列举,大书特书"
patrimony,n.祖传的财物；继承物；遗产；教会财产
patsy,n.容易受骗的人
peccadillo,"n.轻罪,小过失"
peculate,"v.挪用,盗用"
peculation,n.侵吞公款[公物]
pecuniary,"adj.金钱的,金钱上的,应罚款的"
pedant,n.学究式人物
pell-mell,adv.乱七八糟地；混乱地
perfidious,adj.背信弃义的
periphrastic,"adj. 迂回曲折的, [语]迂说法的"
perky,adj.活泼的；得意洋洋的
pernicious,adj.有害的
perspicacity,n.敏锐
perspicuity,n.明白
pert,"adj.无礼的,爱管闲事的,鲁莽的,辛辣的,活跃的,别致的 [军] Program Evaluation and Review Technic,计划评价与审查技术"
pestilence,n.瘟疫；毒害物
pied,"adj.斑驳的,杂色的"
Pisces,n.双鱼宫；双鱼(星)座
pittance,"n.少量,微薄的薪俸"
pitter-patter,n.劈啪声(雨声）
placard,n.招贴；海报；标语牌
plaintive,"adj.悲哀的,哀伤的"
plaudit,n.喝采
plebeian,adj.平民的；粗俗的
plebiscite,"n.平民制定法,公民投票"
plight,"n.情况,状态,困境,盟誓(婚姻)vt.保证,约定"
plod,"n.沉重的脚步vi.沉重地走,辛勤工作vt.沉重缓慢地走"
plop,n.扑通声
pluck,"n.勇气v.拔去(鸡、鸭等)毛,采集"
plucky,adj.有勇气的
podgy,"adj.矮胖的,短粗的"
polio,n. 脊髓灰质炎（等于poliomyelitis）
politic,adj.策略性的
polity,"n.政治组织,国家组织,政治,政体"
potentate,n.当权者
potpourri,"n.花香,肉菜杂烩"
prate,v.空谈n.空谈
prattle,"vi.说孩子气的话,说半截话,闲聊,胡说,唠叨vt.天真地说n.孩子话,无聊话,胡说,废话"
preamble,n.导言
precept,n.规则
precipice,n.悬崖
précis,n. 法>大意，概略，摘录 v. 为…写摘要，概括…的大意
prefatory,"adj.前言的,序文的"
preferment,n.优先
prefigure,v.预示
preoccupation,n.当务之急
presumptive,adj.假定的
presumptuous,adj.专横的
prim,adj.整洁的
primp,"v.打扮,装饰"
prissy,adj.谨小慎微的；神经质的；为小事挂虑的
privation,"n.缺乏,穷困,丧失,被剥夺了某物的状态"
privy,adj.个人的n.有利害关系的人
probity,n.正直
proclivity,n.倾向
procreate,"vt.生(儿,女),生殖,产生vi.生殖,生育"
prod,
proletariat,n.(古罗马社会中的)最下层阶级；工人阶级；无产阶级
propagate,"v.繁殖,传播,宣传"
prophylaxis,n.预防
propitiate,"v.慰抚,劝解,取悦"
propitious,adj.有利的；适合的；吉利的
provenance,"n.起源,出处"
proviso,"n.限制性条款,附文,附带条件"
provisory,adj.有附文的
prude,"n.装成规矩的女人,(尤指在性问题上)故做正经的女人"
pucker,v.使折叠；起皱
pugnacious,adj.好斗的
punt,n.方头或平底船；踢凌空球
puny,"adj.小的,弱的,微不足道的"
purgative,"adj.净化的,清洗的,通便的n.泻剂"
purlieu,"n.森林边缘带,常去的地方,界限,范围"
purlieus,"n. <正>边缘部分, 外围部分, 郊区"
purview,n.范围
pussyfoot,vi.俏俏走路；消极行事
putative,"adj.推定的,假定的,被公认的"
putrefy,"v.(使)化脓,(使)腐烂,(使)堕落"
putrid,"adj.腐烂的,<口>非常讨厌的"
query,"n.质问,询问,怀疑,疑问v.询问,表示怀疑"
quibble,"n.双关语,遁辞,谬论vi.以双关语说出,说模棱两可的话,说俏皮话vt.对...诡辩"
quip,"n.讽刺,妙语,双关语v.说讽刺的话,嘲弄,说托辞"
quixotic,"adj.唐吉诃德式的,狂想家的"
raconteur,"n.健谈者,善谈者"
raffle,"n.抽彩售货,杂物vt.抽彩售货vi.抽彩"
rancor,"n.深仇,怨恨"
rankle,"vi.溃烂,发炎,怨恨vt.激怒"
rapport,"n.和谐,亲善"
rapprochement,"n.和睦,亲善"
rapt,adj.全神贯注的
rapture,"n.全神贯注,兴高采烈,欢天喜地vt.使狂喜"
rasping,adj. 锉磨声的; n. 锉屑; 动词rasp的现在分词形式
raunchy,adj.不整洁的；粗俗的；淫秽的
ravages,动词ravage的第三人称单数形式
ravenous,adj.贪婪的；极饿的
recalcitrant,"adj.反抗的,反对的,顽抗的n.反抗的人,顽抗者"
recant,v.放弃
recidivism,n.累犯
recuperate,v.复原
recuperation,n.恢复
redoubtable,adj.可怕的
refractory,"adj.难控制的,难熔的"
regale,v.享受
regimen,"n.摄生法,政权,政体"
regurgitate,"v.(使)涌回,(使)流回,(使)反刍"
remission,n.免除
remonstrance,n.抗议
remonstrate,v.抗议
rend,v.撕碎
renegade,"n.背教者,变节者,叛徒adj.背弃的,脱离的,变节的vi.背弃,脱离"
repose,"n.休息,睡眠,静止vt.使休息,寄托于vi.休息,长眠,静卧,建立于,座落,依靠"
repository,"n.贮藏室,智囊团,知识库,仓库"
reprehensible,"adj.应斥责的,应该谴责的"
reprise,n.年金vt.重奏
repugnance,n.不一致
repugnant,adj.不一致的
requisition,"n.正式请求,申请,需要,命令,征用,通知单vt.征用,要求"
requite,"vt.报答,酬谢"
restitution,n.归还
resuscitate,"v.(使)复苏,(使)复兴"
reverent,"adj.尊敬的,虔诚的"
rickety,adj.（连接处不牢固导致）摇晃的；患软骨病的
ricochet,"n.跳飞,跳弹v.(使)跳飞"
rife,adj.普遍的
riffraff,"n.<贬>乌合之众,群氓,<方>渣滓"
ringside,n.马戏团；拳击场
rink,n.溜冰场
rinky-dink,adj.劣等的；破旧的；小规模经营的
rip-roaring,adj.吵闹的；喧嚷的
risqué,
roister,"vi. 摆架子, 喝酒喧嚣"
roly-poly,n. 矮胖子或圆滚滚的东西； <英>卷布丁
romp,"n.蹦跳游戏,顽皮的人vi.顽皮嬉戏"
roué,n. <法>放荡者，享乐者
roughhouse,n.大吵大闹；骚乱；大打出手
roustabout,n.码头工人；甲板夫役；挑夫；马戏团场地工
rout,n.溃退v.击溃
rubble,n.碎石
rudiment,n.初步
rummage,"v.到处翻寻,搜出,检查n.翻箱倒柜的寻找,检查,零星杂物"
rummage sale,n.清仓大拍卖(捐赠品义卖)
rumple,"v.弄皱,弄得乱七八糟n.皱纹,皱褶"
salacious,"adj.猥亵的,好色的,"
salubrious,adj.有益健康的
salutary,adj.有益的
salutation,n.招呼
sang-froid,n. （在危险或困难面前）沉着，临危不乱
sanguinary,adj.残暴的
sash,n.饰带；肩带；腰带；窗框
satyr,"n.(希腊及罗马神话)半人半兽的森林之神,好色之徒,性欲极强的男人"
saunter,"n.vi.闲逛,漫步"
savant,"n.学者, 专家"
savoir-faire,"n. 圆滑, 处世的手段/手腕, 才干, 机敏, 机智"
scant,"adj.缺乏的,不足的,将近的,欠缺的v.限制,节省,减少"
scanty,"adj.缺乏的,不足的,稀疏的,俭省的,不充足的"
schism,"n.(政治组织等的)分裂,教派"
schlock,n.次品；伪劣品；伪劣货
schmaltz,n.极端流于感伤的音乐
schmuck,n.<美俚>笨人
screech,"n.尖声喊叫,尖叫声,急煞车声vt.尖着声音讲或喊vi.发出尖锐的声音,发出恐惧或痛苦的叫喊声"
scuff,"vi.拖足而行,磨损vt.以足擦地,践踏,使磨损n.拖着脚走,磨损之处"
scurrilous,"adj.说话粗鄙恶劣的,使用低级粗俗语言的,嘴损的,下流的"
sedition,"n.煽动暴乱,骚乱,煽动性的言论(或行为)"
seditious,"adj.煽动性的,妨害治安的"
sentient,"adj.有感觉力的,有感情的,感觉灵敏的,意识到的n.有知觉力的人"
sequacious,adj.盲从的
serendipity,n.有意外发现珍宝的运气
shag,n.粗烟丝；鹭鸶；粗毛；性交
shallot,n.葱
shard,"n.（陶器或玻璃等的）碎片,一小片或一部分,〈动物学〉昆虫翅鞘"
shiftless,adj.无计谋的；不中用的；无能的
shifty,adj.诡诈的；不可靠的；（风向）不稳定的；多变的
shill,n.托儿；雇佣骗子
shrew,n.泼妇
shucks,int.呸！无聊！可恶（表示不满或歉意时所发的字眼）
shunt,v.逃避
simp,n.笨蛋
simpleton,"n.笨蛋, 傻子"
sinuous,"adj.蜿蜒的,错综复杂的,动作复杂的,不老实的"
skedaddle,n. 逃走
skimpy,"adj.不足的,吝啬的"
skittish,adj.胆小的；易受惊的；轻佻的
skulk,"vi.偷偷隐躲,偷懒"
slaphappy,adj.头晕目眩的；逍遥自在的
slather,v.厚厚地涂；大量使用
sledge,"n.雪橇v.乘雪橇,用雪橇运送"
slew,n.沼地；回转；许多
slick,"adj.光滑的,熟练的,聪明的,华而不实的,陈腐的,平凡的,老套的adv.灵活地,聪明地vt.使光滑,使漂亮n.平滑的水面,平滑器,修光工具vi.打扮整洁"
slink,v.偷偷溜走；扭捏招摇地走；早产
slinky,adj.偷偷摸摸的；线条优美的；（衣服）合身的；紧身的
slipshod,adj.漫不经心的
slob,n.懒虫；邋遢的人
slobber,v.流口水；毫不遮掩地示爱
slog,v.艰难行进；猛击；苦干；决出胜负
slop,v.(液体等)晃荡；溢出；溅出
sloth,n.树獭；懒惰
slouch,n.没精打采的样子；耷拉；笨人
slovenly,adj.不修边幅的；邋遢的
slowpoke,n.行动迟缓的人
sludge,n.泥泞；淤泥；泥状雪
slug,n.蛞蝓；鼻涕虫；动作缓慢的人
sluggard,"n.偷懒者,懒鬼,游手好闲的人"
slumber,n.睡眠；微睡；休止状态
slummy,adj. 贫民区的
slurp,v.饮食出声
smarmy,"adj.令人厌烦的,爱说奉承话的,虚情假意的"
smithereens,n.碎片；小片
smock,n.工作服
smooch,n.接吻；拥抱
smorgasbord,n.瑞式自助餐
snicker,vi.窃笑
snigger,v.暗笑；窃笑
snip,v.剪断
snippy,adj.暴躁的；傲慢的
snitch,n.告密者；告发者
snoop,n.窥探者；到处窥视
snooty,adj.傲慢的；自大的
snout,n.鼻口部；猪嘴；鼻状物
snuff,"n.灯花,烛花,鼻吸气息,气息v.用鼻子使劲地吸,扑灭"
sojourn,n.旅居；逗留
solace,n.安慰v.安慰
solecism,"n.语法错误,谬误,失礼"
somnolent,"adj.想睡的,催眠的"
sonorous,"adj.洪亮的, 响亮的, 作响的,堂皇的"
sophism,n.诡辩
soporific,"adj.催眠的,想睡的n.催眠剂,安眠药,使人昏昏沉沉的东西"
soufflé,adj.起酥的
souse,v.浸在水中；(使)湿透；腌制；使喝醉
spiel,n.滔滔不绝的讲话
spinster,n.未婚女人；老处女
spitfire,n.烈性子；喷火的东西
spittle,"n.唾沫,吐出的泡沫"
splurge,"n.卖弄,炫耀,夸示vi.卖弄,炫耀,挥霍vt.挥霍"
splutter,
sponger,"n.使用海棉擦拭的人,海棉采集者,食客,依赖他人生活者"
spongy,"adj.像海绵的, 不坚实的"
spoof,n.滑稽模仿；诳骗；愚弄
spook,n.幽灵；间谍
spume,n.泡沫 ; v.起泡沫; =foam
squabble,v.争论
squall,"n.暴风,暴风雪,嚎啕vi.狂风吹袭,嚎啕,哇哇地叫嚷vt.尖声叫着"
squawk,n.叫声；嘈杂的抱怨
squeamish,"adj.过于拘谨的,洁癖的,易呕吐的,神经质的"
squelch,v.压制
squiggle,"n.潦草的字, 弯弯曲曲的线; v.潦草地书写,形成弯曲线,蠕动"
staging,n.演出；脚手架；临时台架
stanch,"vt.使止血,止,止流,止血adj.不透水的,坚强的,忠实的"
steeped,
steerage,n.掌舵；指导；统舱；最低票价的舱位
stench,"n.恶臭,臭气v.(使)发恶臭"
stencil,n.模版；型版；蜡纸
stilted,"adj.踩高跷的,虚饰的"
stinker,n.放恶臭之人；讨厌的人或事
stir-crazy,adj.因长期禁闭而发疯的
stockade,n.栅栏；围栏
stocky,adj.矮胖的；健壮结实的
stodgy,adj.笨重的；沉闷的；式样难看的；难消化的
stratified,
stratify,vt.(使)成层
striate,"adj.有条纹的,有细槽的vt.加条纹"
striated,"adj.有条纹的,有细条的,有线纹的"
stricture,n.责难
stubble,n.短须；麦茬
stubby,"adj.短而粗硬的, 粗而短的 ; n.小瓶啤酒"
stultify,"vt.使显得愚笨,使变无效,使成为徒劳"
stunted,"adj.成长受妨碍的,矮小的"
stupefy,v.(使)茫然；失去知觉
stupendous,"adj.惊人的,巨大的"
stupor,n.昏迷
suave,adj.温和的
suavity,"n.柔和,愉快,温和"
sub rosa,adv. 秘密地
sublimate,"vt.[化][心]使升华,使高尚vi.升华,纯化adj.纯净化的,高尚的,理想化的,气质高贵的n.升华物"
sublime,"adj.庄严的,崇高的,壮观的,卓越的,极端的,异常的v.提高,(使)变高尚,(使)纯化,(使)升华n.庄严,崇高,顶点"
subliminal,"adj.下意识的,潜在意识的"
subvention,n.补助金；津贴；援助
succor,"n.救援,援助者,救援人员vt.援助,救援"
succulent,"adj.多汁的,多水分的,多汁性的n.肉质植物,多汁植物"
suckle,"vt.哺乳,养育,吮吸vi.吸奶"
suffuse,v.充满
superannuated,"adj.退休的,过时的"
supercilious,"adj.自大的,傲慢的,目空一切的"
supervene,"v.接着发生,被附加"
sustenance,"n.食物,生计,(受)支持"
swarthy,"adj.黑黝黝的,浅黑的"
swathe,"vt.绑,裹,包围n.包装品,带子,绷带"
swill,"vt.涮,冲洗,痛饮,倒出vi.大口地喝,发激荡声n.涮,冲洗,痛饮,泔水"
tactile,"adj.触觉的,有触觉的,能触知的n.[心]触觉型"
tamper,"vi.干预,玩弄,贿赂,损害,削弱,篡改vt.篡改n.捣棒,夯,填塞者"
tangy,"adj.强烈盐味的,扑鼻的,有刺激性的"
tarnish,v.失去光泽
tarp,n.<非正式>柏油帆布（=tarpaulin）
tarry,"v.等候n.等候,逗留"
tawdry,"adj.俗丽的,非常华丽的n.俗丽的东西"
taxonomy,"n.分类法,分类学"
temperance,"n.节欲,戒酒,禁酒,(气候等的)温和"
temperate,"adj.有节制的,适度的,戒酒的,(气候)温和的"
temporize,v.见风驶舵
thingamajig,"n. 某某, 某东西; =thingumajig"
thrash,"vt.打(谷),(用棍、鞭等)痛打,打败,使逆行,胜过,使颠簸,推敲vi.打谷,击,颠簸,逆行n.打谷,逆风浪行进"
threadbare,adj.磨破的；陈腐的
throng,v.群集
thwack,"n.重击, 拍打; v.打, 强打"
tingle,n.刺痛；激动
tinkle,n.叮当声；清脆的金属音
tinnitus,n.耳鸣
tipple,"n.致醉的饮料,烈酒vt.不断喝vi.饮烈酒"
titillate,"v.搔痒,使愉快"
titter,n.嗤笑；偷笑
tittle-tattle,"n.闲聊,杂谈; v.闲聊,杂谈"
toady,"n.谄媚者,拍马屁的人v.谄媚,拍马屁"
toasty,adj.暖和舒适的；祝酒的
to-do,"n. <非正式>骚动, 喧闹"
totter,"vi.蹒跚,踉跄,动摇,摇摇欲坠n.蹒跚的步子"
touché,int. 讲得好(用来确认成功的批评或辩论中有力的观点)；有了(用来确认击剑中击中)
toupee,n.假发；顶髻
traduce,"vt. 诽谤, 中伤"
traipse,v.闲逛；游荡
trammel,"n.拘束,阻碍物,束缚物vt.拘束,阻碍,束缚"
tramp,"v.重步行走,踏,践,践踏"
trample,"n.踩踏,蹂躏v.践踏,踩坏,轻视"
trance,"n.恍惚,出神,着迷,[医]迷睡vt.使恍惚,使发呆"
transcendent,"adj.卓越的,出众的,[宗](神)超然的,[哲]先验的"
transcendental," /n.先验说,超ist/9trAnsen`denl/adj.先验的,超栽铰"
transmute,v.改变
transpire,"vt.发生,得知,使蒸发,使排出vi.蒸发,发散,泄露"
tribulation,"n.苦难,忧患,磨难"
trickster,"n.骗子,魔术师"
trill,n.颤声；颤音；啭声
truism,n.真实性
tubby,adj.桶状的；矮胖的；音钝的
tumbler,"n.打滚的人,翻筋斗者,杂技演员,(平底)大玻璃杯,一杯量"
tumid,"adj.肿胀的,肿大的"
tut,int.啧(表示焦虑、责难的发声)
tutelage,n.监护
tutelary,"n.守护神,守护圣徒adj.保护(人)"
tutti-frutti,n.蜜饯百果；搀有什锦水果的冰淇淋
twinge,n.(生理；心理上的)剧痛；刺痛
ululate,"vi.嚎,呜呜地叫,啼,哀鸣,悲泣"
unassailable,adj.攻不破的
unavailing,adj.无效的
uncouth,"adj.笨拙的,粗俗的,不舒适的"
unctuous,"adj.油似的,油质的,松软肥沃的"
undergird,"v.加强,巩固...的底部"
unflappable,"adj.不易惊慌的,镇定的"
unfledged,"adj.未成熟的,羽毛未丰的,未充分发达的"
unguent,n.油膏
unintimating,
unregenerate,"adj.灵魂未得再生的,不改变信仰的,不悔改的,罪恶深重的"
unrequited,"adj.无报答的,无报酬的,有仇未报的"
Uranus,n.天王星
uxorious,"adj.疼爱妻子的,怕老婆的"
vagrant,n.流浪汉；漂泊者；无赖
valedictory,adj.告别的n.告别词
variegate,"vt.使成斑驳,使多样化"
vasectomy,n.输精管切除
vendetta,"n.族间仇杀,深仇"
venial,adj.可宽恕的
ventral,"adj.[解]腹的,腹部的,腹侧的n.腹鳍"
ventriloquist,n.口技表演者
veranda,"n.阳台,走廊"
verbalize,v.描述
verisimilitude,"n.似真,逼真"
verve,n.活力；热忱；神韵；特殊才能
vicissitude,n.变迁兴衰
vigilante,n.义务警员
vignette,"n.装饰图案,小插图vt.把....印放为虚光照"
vim,n.精力；生气；精神
vitiate,v.损害
vituperate,"vt.谩骂,责骂"
vituperative,adj.责骂的
voodoo,"n.伏都教(一种西非原始宗教),伏都教徒;adj.伏都教的;vt.施伏都巫术迷惑;一种图形加速芯片"
vortex,"n.旋涡,旋风,涡流,(动乱,争论等的)中心"
vouchsafe,"vt.赐予,允许"
waffle,"vi.闲聊,胡扯n.华夫饼干,无聊话,动听而无意义的话"
waggish,"adj.爱开玩笑的,滑稽的"
wail,v.痛哭；发出似哭的尖声；悲叹
wanderlust,"n.旅行癖,流浪癖"
warren,"n.养兔场,拥挤的地方"
wastrel,n.废物
whiffle,"v.徐缓地吹,摇动"
whir,v.作呼呼声；发飕飕声的飞或转
wholesome,"adj.卫生的,有益的,健康的,有益健康的"
wispy,"adj.象小束状的,纤细的,脆弱的"
woe,
woeful,"adj.悲伤的,悲哀的,可怜的,遗憾的"
wrangle,"vi.争论,争吵,口角vt.辩驳,放牧n.口角,吵嘴"
wrangler,n.争论者
wry,"adj.扭歪的,歪曲的,歪斜的v.扭曲,扭歪"
