adulate,"vt.奉承,谄媚,奉承"
aggress,"v.攻击,侵犯"
animadvert,"vi.批判,非难"
besot,"vt.使烂醉,使迷糊,使沉醉"
betroth,vt.许配
cloture,n.讨论终结vt.结束辩论
coruscate,"vi.闪烁,焕发"
counterpoise,"vt.平均,平衡,使平衡n.秤锤,平衡"
countervail,"vt.补偿,抵销vi.抵销"
defalcate,"vi.盗用公款,挪用公款,贪污"
deliquesce,"vi.溶解,解除,液化"
disfranchise,"vt.剥夺公民权,剥夺推举议员权,剥夺权利"
elide,"vt.取消,省略,省略发音,不予考虑删节"
expectorate,vt.咳出vi.吐痰
footle,"n.呆话,傻事vi.说呆话,做笨事,浪费时间"
goldbrick,"vi.称病,欺诈,偷懒n.假金砖,懒汉,赝品"
imprecate,"vt.祈求,诅咒"
instate,vt.任命
interlard,"vt.使混杂,混入"
objurgate,"vt.申斥,非难"
palter,"vi.含糊其词,敷衍了事,斤斤计较"
pend,vi.悬而未决
privateer,"n.(战时特准攻击敌方商船的)武装民船,私掠船"
prorogue,n.休会
rive,"vt.撕开,劈开,使沮丧vi.裂开,破裂"
scythe,"n.长柄镰刀,镰(古兵器)vt.用镰割"
spoor,"n.痕迹,足迹v.循着足迹追踪"
suborn,v.唆使
supervene,"v.接着发生,被附加"
swig,"n.痛饮,大喝(尤指从瓶口喝的)v.满满一口喝下,牛饮,大喝特喝"
wizen,"adj.凋谢的,枯萎的"
abnegate,v.放弃
abscess,"n.脓肿,砂眼"
accession,"n.就职,就任,添加,增加"
adduce,"vt.引证,举出(例证、理由、证据)"
adjure,"vt.起誓,恳请,(以起誓或诅咒等形式)命令"
advert,"vi.注意,留意n.广告"
affray,"n.(尤指在公共场所的)吵架,打架"
agglutinate,"adj.粘着的,胶合的vt.使...粘着vi.成胶状,粘合"
anathematize,"v.开除教籍,诅咒,咒逐"
anatomize,"vt.解剖,仔细分析"
anneal,"n.退火,焖火,锻炼,磨练(意志)"
apostatize,"vi.放弃信仰,变节,脱党"
appertain,v.属于
assay,n.化验v.化验
asseverate,"vt. 郑重声明, 断言"
attenuate,v.削弱
badinage,"n.开玩笑,揶揄v.打趣"
bale,"n.大包,大捆,(指标准量货物,如稻草,麦杆)货物vt.打包,捆包,包装,灾难,痛苦,悲哀"
banter,"n.善意地取笑,逗弄v.善意的与人开玩笑"
bastardize,"v.判定(或证明)为私生子,使质次,使不纯"
bawl,n.叫骂声v.大叫
beatify,"vt.使享福,行宣福礼"
benefice,"n.僧侣所领之禄,圣俸,有俸圣职"
berry,n.浆果
bespatter,vt.溅污
bespeak,v.预订
bevel,"n.斜角,斜角规,倾斜,斜面vi.成斜角vt.使成斜角"
bib,"n.工作服的上部,围兜,口水兜v.(使)过多喝酒"
bilge,n.舱底
billet,"n.兵舍,工作职位vt.给(部队)安排住处"
birch,"n.桦树,白桦"
blab,"v.泄漏(秘密),胡扯"
blabber,n.多嘴的人
blackguard,n.流氓
blackjack,"v.以棒打,胁迫n.扑克牌的二十一点"
blather,"vi.喋喋不休地说,说废话n.废话,胡说"
blazon,"vt.广布,宣布,夸示,装饰n.纹章"
bleep,n.哔哔声vi.发出哔哔声
blench,"vi.畏缩,回避"
blinker,"n.贬眼睛者,瞥视者,闪光警戒灯"
blob,"n.一滴,水滴,斑点vt.溅污"
blubber,"n.鲸脂,哭泣v.又哭又闹"
bogey,"n.妖怪,可怕的人(物)"
bollix,"vt. 搞乱, 弄糟\nn. 乱糟糟的一团"
boogie,"(随着摇摆舞音乐节奏)摆动身体, [蔑]黑人"
boondoggle,"vi.<美俚>做细小而无用的事n.细小而无用的事,手工品"
bootleg,v.私卖(酒)
bop,"n.<英>(旅馆中的)爵士音乐,<美>波普v.殴打,从容地走"
bout,"n.一回,一场,回合,较量vt.来回耕"
bowel,"n.肠adj.内部,同情心"
bower,n.凉亭
bracket,"n.墙上凸出的托架,括弧,支架v.括在一起"
brandy,"n.白兰地酒,(夹心)糖果"
breadboard,[计] 实验电路板
brutalize,vi.使...变得残酷无情
bucket,"n.桶,一桶的量,[桶壮物]铲斗"
buffalo,"n.[动](印度,非洲等的)水牛 <美>[动]美洲野牛"
bugle,"n.喇叭,军号"
bulge,"n.凸出部分v.凸出,膨胀"
bung,"n.桶等的塞子,桶孔v.堵"
bungle,v.办糟
bunk,"n.(轮船,火车等)铺位"
bunker,"n.船上的煤仓,碉堡,掩体,燃料舱"
burgle,v.偷窃
butt,"n.粗大的一端,靶垛,笑柄v.以头抵撞,碰撞"
cabal,"n.(政治)阴谋小集团,(尤指政治上的)阴谋vi.策划阴谋"
cache,"n.隐藏处所,隐藏的粮食或物资,贮藏物;vt.隐藏,窖藏;n.高速缓冲存储器"
cadence,"n.(声音的)抑扬顿挫,节奏,韵律,调子"
cadge,"v.行乞,乞讨,贩卖"
canker,"n.[医]溃疡,[植](树的)癌肿病,腐败vi.患溃疡,腐蚀,溃烂vt.使患溃疡,使腐蚀"
cannonade,"n.连续开炮,炮击"
cannonball,n.炮弹
canonize,"vt.封...死者为圣徒,使加入圣徒之列,褒扬,推崇"
caper,n.跳跃vi.雀跃
caravan,"n.(商队,游客经过沙漠时为安全起见而结队同行的)沙漠,旅行队,大篷车"
carouse,v.狂欢作乐
casket,"n.首饰盒,匣子,<美>棺材"
catechize,"vt.以问答法讲授,盘问"
catnap,"n.小睡,小憩vi.打瞌睡,假寐"
cavort,vi.腾跃
centrifuge,n.离心分离机
chaff,"n.谷壳,糠,愚弄v.戏弄,开玩笑"
chamois,"n.[动]岩羚羊(产于欧洲和西亚地区的小羚羊),羚羊皮,麂皮,擦拭用的软皮"
champ,"v.(指马) 使劲地嚼,焦急"
chariot,n.战车
chloroform,n.氯仿vt.用氯仿麻醉
chopper,n.断路器
clangor,"n.(尤指连续的)铿锵声,丁当声"
clank,n.叮当声v.(使)发叮当声
cleat,n.夹板
cloister,"n.回廊,修道院"
closure,n.关闭vt.使终止
clout,"n.敲打,轻叩,破布vt.叩,敲一下"
cobble,"n.圆石,鹅卵石v.修,拙劣地修补"
cobweb,"n.蜘蛛网,蛛丝"
coiffure, 以头饰戴的
conciliate,"vt.安慰,赢得,调和"
condole,v.慰问
confabulate,v.交谈
conflate,v.合并
congress,"n.(代表)大会,[C～] (美国等国的)国会,议会"
conjugate,"v.<语法>使(动词)变化,变化"
conjure,"v.(以咒文)召唤,变戏法,想象vi.变戏法,施魔法vt.祈求,恳求"
conscript,n.被征入伍的士兵vt.征募
console,"vt.安慰,藉慰n.[计] 控制台"
contemn,"vt.侮辱,蔑视"
contrive,"v.发明,设计,图谋"
copulate,"vi.性交,交配,交尾adj.连接的,配合的"
cornrow, <美>v.(将...)梳成一排排辫子
corset,"n.束腹,妇女的胸衣"
countenance,"n.面容,脸色,支持vt.支持,赞助"
cowl,"n.蒙头斗篷,连有头巾的修道士服,(烟囱顶上的)通风帽"
cozen,"v.欺骗,瞒"
crud,n.脏家伙
crutch,"n.(跛子用的)拐杖,支撑,帮助vt.支撑"
daguerreotype,n.银板照相法v.银板照相
dandle,v.逗弄
dangle,v.摇摆
darn,n.v.织补
deadpan,n.<俚>无表情的脸
debar,"v.阻止,禁止,排除,剥夺"
debark,"vt.使登陆,卸载,使下船vi.登陆"
debouch,"vi.溢出,流出vt.使流出"
defecate,v.澄清
defraud,vt.欺骗
defray,"vt.支付,支出"
defrock,"v.剥去法衣,解除僧职"
deice,"vt.防止结冰,装以除冰装置,除冰,"
denigrate,v.毁誉
denizen,n.居民
descant,v.详论
descry,"vt.察看,发现,远远看到"
despoil,"vt.夺取,掠夺"
determinate,adj.确定的
deuce,"n.两点,平分,平手"
diadem,"n.王冠,王权,带状头饰"
dicker,"n.十个,小生意,十张vi.做小生意,易货,还价"
diddle,"vt.欺骗,骗取,浪费vi.快速摇动n.<美俚> 酒"
digitize,v.[计]将资料数字化
dint,"n.凹痕,打vt.击出凹痕"
discommode,"vt.使不方便,使为难,使不自由"
disenfranchise,v.(=disfranchise)剥夺...公民权
disorient,"vt.使失去方向感,使迷惑"
disorientate,"vt.使失去方向感,使迷惑"
doggone,"adj.可憎的,可恶的adv.非常地,极端地int.畜生!他妈的!"
don,"n.<西>君,先生(西班牙语冠于男子姓名前),阁下,(英国剑桥或牛津大学)指导教师vt.穿上"
douche,"n.[医] 灌注法,灌水法,灌水器v.冲洗,施行灌注法"
dowse,v.探寻水源或矿藏
dragoon,"n.骑兵,凶暴粗野的男人vt.以武力迫害,弹压,强制"
drub,v.打击
duct,"n.管,输送管,排泄管vt.通过管道输送"
dun,"n.催促者,讨债者,催债v.催讨adj.暗褐色的,微暗的"
dynamite,"n.炸药,<俚> 能产生不凡效果的人或物vt.炸毁,使失败"
egress,"n.出口,外出vi.外出"
emplace,"v.放列,安置,安放"
endue,"vt.穿上,授予,赋予"
engraft,"vt.灌输,使牢记,嫁接"
equipoise,"n.平衡,均衡"
excruciate,"vt.施酷刑,折磨,使苦恼"
execrate,"vt.痛骂,憎恨,憎恶,诅咒vi.诅咒"
fettle,"n.状态,情绪vt.<英>殴打,修补,整顿"
fife,"n.横笛,吹横笛v.吹横笛"
fillip,"n.弹指,轻击,刺激vt.用指弹,刺激,激起vi.弹指"
fink,"n.破坏及反罢工的人,告发人,密告人,乞丐vi.向警方告密,做工贼"
fishtail,adj.鱼尾状的vi.摇摆尾翼而减缓飞行速度
flack,"n.高射炮,对空炮火,[美俚](剧团,公司等的)宣传员,广告,宣传"
flimflam,"n.胡言乱语,欺骗,胡说,胡扯,荒唐adj.胡说的,荒唐的vt.欺诈,骗,骗取"
flinch,"vi.畏缩,退缩,畏首畏尾n.退缩,畏缩"
flounce,"n.衣裙上的荷边装饰vt.镶以荷叶边,在...上vi.跳动,突然离去,挣扎"
flounder,"vi.(在水中)挣扎,困难地往前走,踌躇,发慌n.挣扎,辗转,比目鱼"
flub,"vt.搞坏,把...搞得一团糟,做得不好,弄糟vi.搞错,瞎搞n.失策"
fluster,"n.慌乱,狼狈,混乱,激动vt.使酩醉,使慌张,使激动vi.慌慌张张的行动,混乱"
fob,"n.(男裤上的)表袋,(怀表上的)短表链vt.骗人,混骗"
foil,"n.箔,金属薄片,[建]叶形片,烘托,衬托vt.衬托,阻止,挡开,挫败,贴箔于"
foist,"vt.偷偷插入,使混入,硬卖给,私自添加,把...强加(于),把...塞(给)"
folio,"n.对开的纸,(原稿的)一页,页码或张数adj.对折的,对开的vt.编页码"
fossick,"vi.淘金,翻寻,搜求"
founder,"n.铸工,翻沙工,创始人,奠基人vt.使沉没,使摔倒,弄跛,浸水,破坏vi.沉没,摔到,变跛,倒塌,失败 方正集团,中国最著名的电子照排系统的生产商"
freeload,"v.吃白食,不劳而获 [计]一种离线浏览主页的工具软件"
freewheel,"n.自由飞轮vi.轻快地行动,凭惯性前进"
fricassee,n.炖重汁肉丁vi.做炖肉丁
frill,n.装饰v.装饰
fritter,"vt.浪费,剁碎,细切n.细片,屑"
fulminate,"vt.使爆发,以严词谴责vi.爆炸,电闪,怒喝n.雷酸盐,雷汞"
fusillade,"n.枪炮的齐射,猛射,连续射击vt.齐射"
gab,"n.饶舌,多嘴,爱说话vi.空谈,唠叨,瞎扯"
gabble,"vi.急促而不清楚地说话,七嘴八嘴地说,喋喋不休地说vt.急促地说n.急促讲出而叫人听不清说的话"
gaff,"n.大鱼叉,帆船上缘的斜桁,鸡脚上的铁爪,<英俚>低级娱乐场所vt.用鱼叉捉,用鱼钩拖上来,欺骗vi.赌博(尤指小赌博)"
gage,"n.象徵挑战的物品(如手套),挑战,抵押品,担保品vt.以...为担保,以...为赌注n.(=gauge) 标准度量,计量器vt.(=gauge) 精确计量,估计"
gargle,"n.含漱剂,漱口药vt.漱vi.漱口"
gawk,n.呆子v.呆呆地看着
gazette,"n.报纸,政府的公报,(大学的)学报v.在公报上刊登,在公报上刊载"
gee,"n.字母Gint.(驾驭马牛等的吆喝声)向右!,前进!快!,惊讶时所发声音v.(使)向右转n.<美俚>一千美元"
gibber,"n.叽哩呱啦言语v.把莫名其妙的事叽叽喳喳地讲,喋喋而言"
gimlet,n.手钻adj.有钻孔能力的v.用手钻钻
gobble,"n.火鸡叫声vt.狼吞虎咽vi.贪食,咯咯叫声"
goggle,"n.眼睛睁视,(复数)风镜,护目镜adj.睁眼的,瞪眼的vi.眼珠转动,瞪眼看vt.使瞪眼"
grime,"n.尘垢,污点,煤尘vt.使污秽,污浊"
gripe,"n.紧握,柄,把手,控制,苦恼vt.抓紧,抱住,激怒,使苦恼,使肠痛vi.肠痛,抱怨"
grizzle,"n.灰色,灰色物,灰发vi.变成灰色,发脾气vt.使成灰色"
grump,"n. 一阵坏脾气, 发火, 脾气坏的人\nvi. 闹情绪, 发牢骚"
haft,"n.柄,把手vt.装上柄"
halloo,"int.一种喊声n.狩猎时招呼猎犬的喊声v.高呼,喊叫着追赶,高声招呼喊叫"
hanker,"vi.渴望,追求"
haw,"n.山楂,吆喝牲畜左转,瞬膜,呃vt.使向左转vi.向左转,支吾"
heckle,"vt.以麻梳梳理,激烈质问,诘问,集中质问n.麻梳"
hector,"n.虚张声势的人,恃强凌弱的人v.威吓"
heft,"n.重量,重要性,分量vt.举起试重量,举起vi.重达"
henna,"n.指甲花,红褐色,指甲花染料"
highball,"n.掺有冰水的威士忌饮料,速度很快的火车"
hobo,v.过流浪生活
hoist,"n.提升间,升起"
homestead,"n.家园,田产"
honeycomb,"n.蜂房,蜂巢,蜂脾"
hoodoo,"n.招来不幸的人,不祥的人(或物)vt.使倒霉"
hopscotch,"n.(儿童)""跳房子""游戏"
horde,n.游牧部落
horseshoe,n.马蹄铁vt.装蹄铁于
house-sit,vi. 代为照看房屋
huckster,n.小贩v.叫卖
hugger-mugger,"a. 秘密的, 杂乱的\nadv. 秘密地, 杂乱地\nn. 秘密, 杂乱\nvt. 保守...的秘密\nvi. 偷偷干"
humbug,n.欺骗v.欺骗
hunker,"vi.盘坐n.守旧者(首字母要大写,即Hunker)"
impugn,v.打击
incommode,v.妨碍
inculcate,v.谆谆劝导
indemnify,v.赔偿
indenture,n.契约
indorse,"v.(=endorse)签名于票据等的背面,认可"
infix,"vt.使...钻进,让...插进n.插入词,中缀"
inhume,"vt.埋葬,把...土葬"
innuendo,"n.暗讽(的话),影射(的话)vi.影射vt.旁敲侧击地表达,暗示"
interchange,vt.(指两人等)交换v.相互交换
interject,"vt.插嘴,突然插入"
intrust,"vt.信托,交托,信赖"
inveigh,"vi.猛烈抨击,痛骂,漫骂"
inveigle,v.诱骗
irk,"vt.使厌倦,使苦恼"
irrupt,vi.突然冲入
jag,"n.尖齿,一部分,狂欢vt.使成缺口,使成锯齿状vi.刺,戳,颠簸的移动"
jaunt,"n.远足,短途旅游vi.远足,短途旅游"
jawbone,"n.颚骨,下颚骨,信用v.赊买"
jetty,"n.防波堤,码头"
jig,"n.快步舞,快步舞曲,带锤子的钓钩,夹具v.乱跳,加工用钩钓鱼,选筛"
jimmy,n.铁撬vt.用铁撬撬开
jive,"n.摇摆乐,隐语,摇摆舞vi.跳摇摆舞,哄骗adj.假的"
jockey,"n.职业赛马骑师,(机器的)操作员"
josh,"v.戏弄,说笑n.无恶意的戏谑,玩笑"
kennel,"n.狗窝,狗屋,阴沟vt.置于狗窝,宿于狗舍vi.进狗窝"
kibitz,"vi.乱出主意,多管闲事"
knurl,n.硬节
lam,"v.鞭打,潜逃n.潜逃"
lambaste,"vt.痛打,严责"
leech,"n.水蛭,吸血鬼,榨取他人利益的人vt.(为治疗)以水蛭吸血vi.依附并榨取他人"
lesion,"n.损害,身体上的伤害"
lichen,"n.[植]青苔,地衣,苔藓"
ligature,n.绷带
loco,"n.疯草病,疯子,火车头vt.用疯草毒害adj.发疯的,发狂的"
lollygag,v.<美口> 浪费时间(=lallygag)
lop,"vt.修剪,砍伐,斩vi.下垂,闲荡adj.垂下的n.砍下的部分,垂耳兔"
loth," (=loath)adj.憎恶的,勉强的"
lute,n.琵琶
macerate,v.浸软
machinate,"v.图谋,策划"
mambo,"n.曼博,曼博音乐(源于古巴黑人音乐)vi.跳曼博"
masticate,v.咀嚼
maunder,"vi.唠叨地讲,徘徊"
mechanize,v.机械化
mew,"n.厩舍,海鸥vi.换羽毛n.鹰笼,巢,隐匿处vt.把...关进笼子"
mewl,vi.啜泣
mike,"n.麦克风,微克 Mike 迈克(男子名)"
mislay,v.放错
miter,n.主教法冠
molder,"vi.腐朽,崩溃,分裂vt.使腐朽n.铸工,制模工"
mollycoddle,"n.娇惯的男人,懦夫vt.溺爱,娇生惯养"
molten,v.熔化adj.熔铸的
muss,n.混乱vt.使混乱
nab,"vt.<口>捉住,逮捕,抢夺"
nettle,n.荨麻
niggle,"vi.为琐事费心,拘泥小节vt.小气地给..."
nobble,"vt.(暗中破坏)使其不能取胜,诈骗"
nosh,"n.<俚>小吃,点心v.吃点心"
obfuscate,"vt.使模糊,使迷乱"
obligate,vt.使负义务adj.有责任的
obviate,"vt.消除,排除(危险、障碍等),回避,预防,避免"
occult,"adj.神秘的,玄妙的,不可思议的,超自然的v.掩蔽,隐藏n.神秘之事"
oppugn,"vt.责难,反驳,质疑,抗击"
palisade,n.木栅vt.用栅栏围护
palliate,v.减轻
palpitate,v.跳动
palsy,n.瘫痪
pellet,n.小球
personate,"vt. 扮演, 伪装, 假冒, 拟人化\na. 假装的, 伪态的, 假面状的"
piggyback,"adj.骑在背肩上的adv.在背上,在肩上"
plumb,"n.铅锤,铅弹adj.垂直的vt.使垂直,用铅增加重量,探测vi.垂直"
plume,n.羽毛
plump,"adj.圆胖的,丰满的,鼓起的vt.突然放下,使丰满,使鼓起vi.变丰满,鼓起adv.使发胖(或鼓起)的东西,鼓鳃物,沉重(或突然)坠落,沉重地,突然地,坦白地n.扑通声"
plunk,"vt.砰砰地弹,砰地投掷vi.砰砰作响,支持n.使劲投掷,扑通声,扑通落下adv.发出砰声"
poniard,"n.短剑,匕首v.以匕首刺"
pother,n.喧闹v.烦恼
pouch,"n.小袋,烟草袋,钱袋,育儿袋vt.把...装入袋中,使成袋状vi.成袋状"
prate,v.空谈n.空谈
preen,"vt.(鸟)用嘴整理,打扮,赞扬vi.把(自己)打扮漂亮"
prink,"v.化妆,打扮"
proffer,v.提供n.提供
promulgate,"vt.发布,公布,传播"
pussyfoot,"vi.偷偷走路,轻轻地走,谨慎行事"
putter,"n.置放者,(高尔夫球)轻击棒vi.闲荡.行为懒散,vt.混过"
ram,"n.公羊,撞锤;vi.猛击,撞;vt.猛击,填塞,灌输;n. Random access memory,随机访问存储器"
ramify,"v.(使)分枝,(使)分叉,(使)成网状"
ramp,"n.斜坡,坡道,敲诈vi.狂跳乱撞,敲诈,蔓延vt.使有斜面,敲诈"
rampage,"n.乱闹,暴跳vi.发怒,乱闹,狂暴"
rampart,"n.垒,壁垒,城墙vt.用壁垒围绕,防卫"
rankle,"vi.溃烂,发炎,怨恨vt.激怒"
ransack,"vt.到处搜索,掠夺,洗劫"
rapture,"n.全神贯注,兴高采烈,欢天喜地vt.使狂喜"
rarefy,v.稀薄
rasp,"n.粗锉刀,擦菜板,刺耳声,激怒人的举动vt.用粗锉刀锉,用擦菜板擦碎,粗声粗气地说vi.粗锉,锉磨,发刺耳声"
rawhide,"n.生牛皮,<美>生牛皮鞭vt.用生牛皮鞭抽打adj.生牛皮的"
razz,"n.<美俚>嘲弄,戏弄vt.冷笑,嘲弄"
recoil,"n.畏缩,后退,弹回,反作用,后座力vi.退却,畏缩,弹回,撤退,反冲"
recuperate,v.复原
redound,v.有助于
refigure," 重新描绘, 重新塑造"
regale,v.享受
regenerate,"vt.使新生,重建,改革,革新vi.新生,再生,起革新作用adj.新生的,更新的"
regiment,"n.团,大群v.把...编组,把...编成团,管辖"
regurgitate,"v.(使)涌回,(使)流回,(使)反刍"
rehabilitate,"v.使(身体)康复,使复职,使恢复名誉,使复原"
relegate,"v.转移,归入,提交"
relent,"vi.变宽厚,变温和"
remand,"n.送还,还押vt.归还,还押"
reminisce,v.回忆
remonstrate,v.抗议
remunerate,v.酬劳
rend,v.撕碎
render,"vt.呈递,归还,着色,汇报,致使,放弃,表演,实施vi.给予补偿n.交纳,粉刷,打底"
reorient,"vt.使适应,再教育"
repast,"n.餐vi.设宴,就餐"
repatriate,v.遣返
repine,v.抱怨
riffle,"n.浅滩,湍流,涟漪,洗牌动作vt.使起涟漪,迅速洗牌vi.流过浅滩,成涟漪.迅速翻书"
riposte,"n.还刺,机敏回答vi.还刺,尖锐回答"
roam,"v.漫游,闲逛,徜徉n.漫步,漫游,徘徊"
rosin,"n.松香,树脂vt.用松香"
roust,"vt.惊起,唤醒,激动,驱逐"
ruck,"vt.弄皱vi.变皱n.皱褶,一群"
rumple,"v.弄皱,弄得乱七八糟n.皱纹,皱褶"
salve,n.药膏v.涂油膏
sandbag,"n.沙袋vt.堆沙袋,用沙袋打"
sass,"n.无礼的话,炖熟的水果vt.顶嘴"
sauce,"n.沙司,酱油,调味料vt.调味,使增加趣味"
scab,"n.疤,痂,不参加罢工的工人,恶棍,工贼vi.结痂,当工贼"
scamp,n.流氓vt.草率地做
scamper,v.奔跳n.奔跑
scotch,"n.苏格兰人,苏格兰语adj.苏格兰人的,苏格兰语的n.刻痕vt.镇压,粉碎,刻痕,使受伤"
scrabble,"vi.乱写,乱涂,扒寻,摸索,挣扎vt.扒成,拼凑成n.一种拼字游戏,扒,抓,摸索,挣扎"
scram,n.紧急刹车vi.滚开
scrawl,"vt.乱涂,潦草地写vi.乱写n.潦草的笔迹"
scrimshaw,v.雕刻(贝壳)n.雕刻(贝壳)
scrounge,"vt.占有,行乞,搜寻,搜集vi.东张西望,搜寻,搜集,乞讨,偷东西"
scrum," (=scrummage) 扭打,混乱,<美>[橄]两队并列争球"
scrunch,"vt.碾碎,使弯曲vi.嘎吱嘎吱地作响,蜷缩n.嘎吱嘎吱的响声"
scud,"vi.迅速地移动或奔跑n.飞奔,飞云,小阵雨,碎雨云,风吹起的浪或水花"
scupper,"n.排水孔,<俚><贬>女人(尤指妓女)"
shamble,"vi.蹒跚地走,摇摇晃晃地走n.蹒跚,摇晃的脚步,拖沓的脚步"
shimmy,"n.西迷舞,摇动v.摇动,震颤,晃动"
shotgun,"n.散弹猎枪,鸟枪"
shrivel,"v.(使)起皱纹,(使)枯萎,(使)束手无策"
sickle,n.镰刀
sickly,"adj.有病的,苍白的,惨淡的,疾病流行的,令人作呕的,多病的"
silkscreen,"n.丝网印刷,丝网印刷品adj.丝网印刷的,用丝网印刷术印制的vt.用丝网印刷术印制(或装饰、复印)"
skipper,n.船长
skive,"vt.把...割成薄片,磨"
skulk,"vi.偷偷隐躲,偷懒"
slag,"n.矿渣,炉渣,火山岩渣v.起溶渣,成溶渣"
slat,"n.板条,狭板vt.用板条做或装备,打,猛投"
slather,"vt.大量的用,厚厚地涂n.大量"
slog,v.艰难行进
slop,"v.溢出,溅溢"
slosh,"n.泥泞,溅泼声v.溅,泼"
sludge,"n.软泥,淤泥,矿泥,煤泥"
slump,"n.消沉,衰退,(物价)暴跌v.失败,消沉,(物价)暴跌,跌落"
snuggle,v.偎依
sop,n.面包片v.浸
souse,"n.盐汁,腌制的食品,腌制食品用的盐水vt.腌制,弄醉vi.被浸透,变醉adv.扑通地一声"
spangle,n.亮晶晶的小东西v.(使)闪烁
spindle,"n.锭子,纺锤,细长的人(或物),轴,杆,心轴v.长得细长,装锭子于adj.锭子的,锭子似的"
spire,n.尖顶
splice,v.接合
sprig,"n.小枝,小枝状饰物,子孙,年青人,图钉vt.用小树枝装饰,用钉子钉上,使蔓生"
spruce,n.云杉adj.整洁的
spud,"n.小锄,剥树皮的铲凿,马铃薯vt.用小锄锄"
sputter,"n.喷溅声,劈啪声,急语,咕哝vi.唾沫飞溅,发劈啪声,急忙地讲vt.喷出,飞溅出,气急败坏地说"
squall,"n.暴风,暴风雪,嚎啕vi.狂风吹袭,嚎啕,哇哇地叫嚷vt.尖声叫着"
squiggle,"n.胡乱写的字,花体"
steamroll,"vt.用压路机碾,粉碎,压倒vi.以不可抗拒之力前进"
strafe,"vt.用机枪扫射,猛烈炮轰,惩罚n.猛烈炮轰,机枪扫射,损害"
sublimate,"vt.[化][心]使升华,使高尚vi.升华,纯化adj.纯净化的,高尚的,理想化的,气质高贵的n.升华物"
sublime,"adj.庄严的,崇高的,壮观的,卓越的,极端的,异常的v.提高,(使)变高尚,(使)纯化,(使)升华n.庄严,崇高,顶点"
subvert,"vt.推翻,暗中破坏,搅乱"
succor,"n.救援,援助者,救援人员vt.援助,救援"
suede,n.小山羊皮
suffuse,v.充满
summons,"n.召唤,[律]传唤,召集,传票vt.传唤到法院,唤出,传到"
sunder,"v.切开,分离"
supersede,"vt.代替,取代,接替,紧接着...而到来,[律]延期vi.推迟行动"
swank,"adj.打扮漂亮的vi.出风头,炫耀n.出风头,炫耀,虚张声势,优雅"
swill,"vt.涮,冲洗,痛饮,倒出vi.大口地喝,发激荡声n.涮,冲洗,痛饮,泔水"
swish,"n.嗖嗖声vi.带着嗖嗖声挥动vt.使带着嗖嗖声地挥动adj.好看的,时髦的"
tabby,"n.平纹,斑猫vt.使起波纹adj.平纹织物的,起波纹的"
tattle,v.闲谈
tergiversate,"vi.推托,背叛,自相矛盾"
thud,"n.砰击声,重击vi.砰的一声掉下,轰的一声vt.砰地击中"
tinsel,"n.金银丝织品,华而不实,金属箔adj.闪亮的,俗丽的,华而不实的vt.用金箔装饰"
tipple,"n.致醉的饮料,烈酒vt.不断喝vi.饮烈酒"
titivate,"v.打扮,装饰,化妆"
toboggan,"n.平底雪撬v.乘橇滑下,急剧下降"
toenail,"n.脚趾甲,斜钉下去的钉子"
toggle,"n.[海]绳针,套索钉vt.拴牢"
tomahawk,"n.印第安战斧,钺vt.用战斧斩"
tomcat,n.雄猫
tousle,"n.乱七八糟的一团,糟乱vt.弄乱,搅乱"
traipse,"vi.漫步,拖曳vt.在...游荡,走过n.闲逛,长途跋涉"
trammel,"n.拘束,阻碍物,束缚物vt.拘束,阻碍,束缚"
trance,"n.恍惚,出神,着迷,[医]迷睡vt.使恍惚,使发呆"
triturate,"vt.弄成粉,粉碎,磨碎,捣碎n.磨碎的东西"
troll,"vi.旋转,合唱中的轮唱,钓鱼vt.使旋转,轮唱,放声高唱,钓n.旋转,轮唱,钓鱼"
trolley,"n.电车,(电车)滚轮,手推车,手摇车,台车vt.用手推车运vi.乘电车"
tromp,"v.践踏,跺脚"
trounce,v.痛击
truant,n.逃避者adj.逃避
truncheon,"n.(粗短的)棍子,警棍,权杖,职杖vt.用警棍打"
truss,"vt.捆绑n.(干草的)一捆,一束,构架"
tuft,"n.一丛,丛生植物,一蔟vi.丛生vt.用丛毛修饰"
turpentine,"n.松节油,松脂v.涂松节油,采松脂"
tussle,"n.格斗,斗争,争斗vi.扭打,打斗,格斗"
twaddle,"n.废话,闲聊vi.讲废话vt.胡说八道地讲"
twang,"n.弦声,砰的一声,鼻音,意味vi.砰然一声响,拨弦声,带鼻音vt.用鼻音讲,使发拨弦声"
twine,"n.合股线,细绳,麻线,搓v.搓,织,编饰,(使)缠绕"
twinge,"n.一阵一阵痛,如刺一样痛,剧痛vt.使一阵一阵痛,刺痛vt.感到剧痛,刺痛"
twit,v.嘲笑
twitch,"v.骤然一抽,攫取,抽搐,阵痛,抽动n.急扯,颤动,抽搐,阵痛,痉挛"
unsteady,"adj.不安定的,反复无常的vt.使不稳定,动摇"
unstuck,"adj.未粘住的,松开的,紊乱的"
upright,"adj.垂直的,竖式的,正直的,诚实的,合乎正道的adv.笔直,竖立着n.垂直,竖立"
vamoose,"v.匆匆离开,跑掉"
vamp,"n.鞋面,荡妇vt.修补,拼凑,捏造,勾引vi.[音]即席伴奏,勾引"
van,"n. 货车, 篷车, 先锋, 前驱, 前卫\nvt. 用货车搬运\n[计] 增值网"
vat,"n.(装液体的)大桶,大缸(尤指染缸)vt.装入大桶,在大桶里处理"
vestibule,"n.门廊,前厅,[解][动]前庭vt.为...设门廊"
vice,"n.恶习,恶行,坏脾气,罪恶,堕落,老虎钳,缺点,缺陷vt.钳住 prep.代替"
vise,n.签证v.签准
waffle,"vi.闲聊,胡扯n.华夫饼干,无聊话,动听而无意义的话"
wag,"vt.摇摆,摇动,饶舌vi.爱说笑打趣的人,摆动,喋喋不休n.摇摆,小丑"
waggle,"v.来回摇动,摆动n.来回摇动,摆动"
wale,"n.条痕,选择vt.使有鞭条痕,挑选vi.挑选"
wallop,"vi.乱窜,猛冲,(车等)颠簸,沸腾作用vt.猛击,击溃n.重击,冲击力,乐趣"
wangle,v.骗取
weasel,"n.[动]鼬鼠,黄鼠狼,狡猾的人,告密者,含糊话vi.狡辩,躲避,告密,含糊其词vt.抽掉(词语)的含义"
wham,n.重打声v.重打
wheeze,"vi.喘息,很困难地呼吸"
whelp,"n.幼兽,小狗v.下崽"
whinge,vi. 喋喋不休地抱怨; 哭诉\nn. 抱怨不止
whir,n.呼呼声vi.急速旋转vt.使呼呼响
wiggle,"v.(使)踌躇,摆动n.踌躇,摆动"
wildcat,"n.野猫,莽撞的人adj.鲁莽的,不可靠的vt.盲目钻探vi.盲目开掘油井,从事非法商业活动"
wisecrack,n.俏皮话vi.说俏皮话vt.俏皮地说
wrangle,"vi.争论,争吵,口角vt.辩驳,放牧n.口角,吵嘴"
yak,"n. 牦牛, 饶舌, 连篇废话\nvi. 饶舌, 喋喋不休, 放声大笑"
yip,"n.犬吠,叫喊声vi.犬吠,叫喊"
yo-yo,n. 溜溜球
